Timestamp,JoystickID,EventType
2025-03-27 12:30:07.160,0,Please plug in a joystick.
2025-03-27 12:30:07.497,1,Joystick #1 ('Nintendo Switch Pro Controller') added
2025-03-27 12:30:09.653,1,Joystick #1 axis 5 -> 32767
2025-03-27 12:30:11.441,1,Joystick #1 axis 5 -> 32767
2025-03-27 12:30:11.482,1,Joystick #1 axis 5 -> -32768
2025-03-27 12:30:11.654,1,Joystick #1 axis 5 -> 32767
2025-03-27 12:30:11.716,1,Joystick #1 axis 5 -> 32767
2025-03-27 12:30:11.794,1,Joystick #1 axis 5 -> 32767
2025-03-27 12:30:11.843,1,Joystick #1 axis 5 -> -32768
2025-03-27 12:30:11.898,1,Joystick #1 axis 5 -> -32768
2025-03-27 12:30:12.030,1,Joystick #1 axis 5 -> -32768
2025-03-27 12:30:12.109,1,Joystick #1 axis 5 -> -32768
2025-03-27 12:30:12.156,1,Joystick #1 axis 5 -> -32768
2025-03-27 12:30:12.456,1,Joystick #1 axis 5 -> -32768
2025-03-27 12:30:12.512,1,Joystick #1 axis 5 -> -32768
2025-03-27 12:30:12.597,1,Joystick #1 axis 5 -> -32768
2025-03-27 12:30:12.709,1,Joystick #1 axis 5 -> -32768
2025-03-27 12:30:12.878,1,Joystick #1 axis 5 -> -32768
2025-03-27 12:30:12.924,1,Joystick #1 axis 5 -> 32767
2025-03-27 12:30:12.993,1,Joystick #1 axis 5 -> -32768
2025-03-27 12:30:13.032,1,Joystick #1 axis 5 -> 32767
2025-03-27 12:30:13.083,1,Joystick #1 axis 5 -> -32768
2025-03-27 12:30:13.145,1,Joystick #1 axis 5 -> -32768
2025-03-27 12:30:13.298,1,Joystick #1 axis 5 -> -32768
2025-03-27 12:30:13.345,1,Joystick #1 axis 5 -> -32768
2025-03-27 12:30:47.262,1,Joystick #1 axis 5 -> 32767
2025-03-27 12:30:47.324,1,Joystick #1 axis 5 -> -32768
2025-03-27 12:30:47.464,1,Joystick #1 axis 5 -> -32768
2025-03-27 12:30:48.376,1,Joystick #1 axis 5 -> 32767
2025-03-27 12:30:48.504,1,Joystick #1 axis 5 -> 32767
2025-03-27 12:30:48.658,1,Joystick #1 axis 5 -> -32768
2025-03-27 12:30:48.704,1,Joystick #1 axis 5 -> -32768
2025-03-27 12:30:58.441,1,Joystick #1 axis 5 -> 32767
2025-03-27 12:31:03.460,1,Joystick #1 axis 0 -> 10
2025-03-27 12:31:03.512,1,Joystick #1 axis 0 -> 514
2025-03-27 12:31:03.605,1,Joystick #1 axis 0 -> 834
2025-03-27 12:31:03.644,1,Joystick #1 axis 0 -> 3693
2025-03-27 12:31:03.687,1,Joystick #1 axis 0 -> 4494
2025-03-27 12:31:03.728,1,Joystick #1 axis 0 -> 32469
2025-03-27 12:31:03.767,1,Joystick #1 axis 0 -> 32538
2025-03-27 12:31:03.807,1,Joystick #1 axis 0 -> 29640
2025-03-27 12:31:03.847,1,Joystick #1 axis 0 -> 9263
2025-03-27 12:31:06.331,1,Joystick #1 axis 0 -> -160
2025-03-27 12:31:06.373,1,Joystick #1 axis 0 -> -6115
2025-03-27 12:31:06.412,1,Joystick #1 axis 0 -> -16566
2025-03-27 12:31:06.453,1,Joystick #1 axis 0 -> -20696
2025-03-27 12:31:06.494,1,Joystick #1 axis 0 -> -15106
2025-03-27 12:31:06.951,1,Joystick #1 axis 0 -> 67
2025-03-27 12:31:06.990,1,Joystick #1 axis 0 -> 16725
2025-03-27 12:31:07.030,1,Joystick #1 axis 0 -> 15379
2025-03-27 12:31:07.593,1,Joystick #1 axis 0 -> -91
2025-03-27 12:31:07.633,1,Joystick #1 axis 0 -> -15311
2025-03-27 12:31:07.673,1,Joystick #1 axis 0 -> -16977
2025-03-27 12:31:07.713,1,Joystick #1 axis 0 -> -68
2025-03-27 12:31:08.661,1,Joystick #1 axis 0 -> 45
2025-03-27 12:31:08.700,1,Joystick #1 axis 0 -> 4494
2025-03-27 12:31:08.740,1,Joystick #1 axis 0 -> 12161
2025-03-27 12:31:08.780,1,Joystick #1 axis 1 -> -5913
2025-03-27 12:31:08.824,1,Joystick #1 axis 0 -> 14052
2025-03-27 12:31:09.144,1,Joystick #1 axis 0 -> -1144
2025-03-27 12:31:09.184,1,Joystick #1 axis 0 -> 23068
2025-03-27 12:31:09.225,1,Joystick #1 axis 1 -> -1864
2025-03-27 12:31:09.273,1,Joystick #1 axis 1 -> -2276
2025-03-27 12:31:09.317,1,Joystick #1 axis 1 -> 376
2025-03-27 12:31:09.357,1,Joystick #1 axis 0 -> 28002
2025-03-27 12:31:09.397,1,Joystick #1 axis 0 -> 4613
2025-03-27 12:31:09.437,1,Joystick #1 axis 0 -> 6251
2025-03-27 12:31:09.478,1,Joystick #1 axis 0 -> 32390
2025-03-27 12:31:09.517,1,Joystick #1 axis 1 -> 5660
2025-03-27 12:31:09.557,1,Joystick #1 axis 1 -> 2801
2025-03-27 12:31:09.774,1,Joystick #1 axis 0 -> -6026
2025-03-27 12:31:09.813,1,Joystick #1 axis 0 -> -32768
2025-03-27 12:31:09.853,1,Joystick #1 axis 1 -> -560
2025-03-27 12:31:09.893,1,Joystick #1 axis 1 -> -469
2025-03-27 12:31:09.933,1,Joystick #1 axis 0 -> -6089
2025-03-27 12:31:10.119,1,Joystick #1 axis 0 -> -264
2025-03-27 12:31:10.160,1,Joystick #1 axis 1 -> 1429
2025-03-27 12:31:10.200,1,Joystick #1 axis 1 -> 4082
2025-03-27 12:31:10.240,1,Joystick #1 axis 0 -> -23389
2025-03-27 12:31:10.376,1,Joystick #1 axis 0 -> 167
2025-03-27 12:31:10.416,1,Joystick #1 axis 0 -> 10841
2025-03-27 12:31:10.457,1,Joystick #1 axis 0 -> 32254
2025-03-27 12:31:10.496,1,Joystick #1 axis 0 -> 27373
2025-03-27 12:31:10.541,1,Joystick #1 axis 0 -> 1415
2025-03-27 12:31:10.727,1,Joystick #1 axis 0 -> -88
2025-03-27 12:31:10.767,1,Joystick #1 axis 1 -> 582
2025-03-27 12:31:11.190,1,Joystick #1 axis 0 -> 55
2025-03-27 12:31:11.230,1,Joystick #1 axis 0 -> 7689
2025-03-27 12:31:11.273,1,Joystick #1 axis 0 -> 29246
2025-03-27 12:31:11.312,1,Joystick #1 axis 1 -> 193
2025-03-27 12:31:11.356,1,Joystick #1 axis 0 -> 22940
2025-03-27 12:31:11.572,1,Joystick #1 axis 0 -> -200
2025-03-27 12:31:11.611,1,Joystick #1 axis 0 -> -17132
2025-03-27 12:31:11.652,1,Joystick #1 axis 0 -> -17692
2025-03-27 12:31:11.692,1,Joystick #1 axis 0 -> -8474
2025-03-27 12:31:11.950,1,Joystick #1 axis 0 -> 23
2025-03-27 12:31:11.991,1,Joystick #1 axis 0 -> 12138
2025-03-27 12:31:12.057,1,Joystick #1 axis 1 -> 880
2025-03-27 12:31:12.097,1,Joystick #1 axis 1 -> -2299
2025-03-27 12:31:12.308,1,Joystick #1 axis 0 -> -40
2025-03-27 12:31:12.347,1,Joystick #1 axis 0 -> -31583
2025-03-27 12:31:12.390,1,Joystick #1 axis 1 -> -4746
2025-03-27 12:31:12.429,1,Joystick #1 axis 0 -> -19580
2025-03-27 12:31:12.690,1,Joystick #1 axis 0 -> 151
2025-03-27 12:31:12.730,1,Joystick #1 axis 0 -> 5880
2025-03-27 12:31:12.771,1,Joystick #1 axis 1 -> -1201
2025-03-27 12:31:12.812,1,Joystick #1 axis 0 -> 17067
2025-03-27 12:31:12.853,1,Joystick #1 axis 0 -> 7
2025-03-27 12:31:13.003,1,Joystick #1 axis 0 -> 119
2025-03-27 12:31:13.045,1,Joystick #1 axis 0 -> 6633
2025-03-27 12:31:13.088,1,Joystick #1 axis 1 -> -835
2025-03-27 12:31:13.127,1,Joystick #1 axis 0 -> 5160
2025-03-27 12:31:13.727,1,Joystick #1 axis 0 -> 103
2025-03-27 12:31:13.766,1,Joystick #1 axis 0 -> 17307
2025-03-27 12:31:13.806,1,Joystick #1 axis 1 -> -149
2025-03-27 12:31:13.846,1,Joystick #1 axis 0 -> 29758
2025-03-27 12:31:14.355,1,Joystick #1 axis 5 -> -32768
2025-03-27 12:31:14.397,1,Joystick #1 axis 0 -> -568
2025-03-27 12:31:14.436,1,Joystick #1 axis 1 -> -2482
2025-03-27 12:31:14.477,1,Joystick #1 axis 1 -> -1567
2025-03-27 12:31:14.517,1,Joystick #1 axis 0 -> -12363
2025-03-27 12:31:14.579,1,Joystick #1 axis 0 -> 39
2025-03-27 12:31:14.622,1,Joystick #1 axis 0 -> 18827
2025-03-27 12:31:14.666,1,Joystick #1 axis 1 -> 5958
2025-03-27 12:31:14.709,1,Joystick #1 axis 1 -> 6553
2025-03-27 12:31:14.755,1,Joystick #1 axis 1 -> 6713
2025-03-27 12:31:14.795,1,Joystick #1 axis 1 -> 6804
2025-03-27 12:31:14.855,1,Joystick #1 axis 1 -> 6873
2025-03-27 12:31:14.896,1,Joystick #1 axis 1 -> 7101
2025-03-27 12:31:14.937,1,Joystick #1 axis 1 -> 8520
2025-03-27 12:31:15.005,1,Joystick #1 axis 0 -> 32190
2025-03-27 12:31:15.053,1,Joystick #1 axis 0 -> 32174
2025-03-27 12:31:15.096,1,Joystick #1 axis 1 -> 9092
2025-03-27 12:31:15.138,1,Joystick #1 axis 1 -> 9069
2025-03-27 12:31:15.178,1,Joystick #1 axis 1 -> 8909
2025-03-27 12:31:15.238,1,Joystick #1 axis 1 -> 8909
2025-03-27 12:31:15.285,1,Joystick #1 axis 0 -> 32190
2025-03-27 12:31:15.332,1,Joystick #1 axis 1 -> 8314
2025-03-27 12:31:15.374,1,Joystick #1 axis 1 -> 8131
2025-03-27 12:31:15.423,1,Joystick #1 axis 0 -> 32254
2025-03-27 12:31:15.464,1,Joystick #1 axis 1 -> 8360
2025-03-27 12:31:15.505,1,Joystick #1 axis 0 -> 32142
2025-03-27 12:31:15.564,1,Joystick #1 axis 1 -> 9297
2025-03-27 12:31:15.611,1,Joystick #1 axis 1 -> 9869
2025-03-27 12:31:15.684,1,Joystick #1 axis 1 -> 9984
2025-03-27 12:31:15.734,1,Joystick #1 axis 1 -> 10029
2025-03-27 12:31:15.776,1,Joystick #1 axis 1 -> 9137
2025-03-27 12:31:15.817,1,Joystick #1 axis 1 -> 7239
2025-03-27 12:31:15.914,1,Joystick #1 axis 1 -> 7056
2025-03-27 12:31:15.975,1,Joystick #1 axis 1 -> 7033
2025-03-27 12:31:16.029,1,Joystick #1 axis 0 -> 32414
2025-03-27 12:31:16.239,1,Joystick #1 axis 1 -> 6941
2025-03-27 12:31:16.282,1,Joystick #1 axis 1 -> 6918
2025-03-27 12:31:16.329,1,Joystick #1 axis 1 -> 6873
2025-03-27 12:31:16.374,1,Joystick #1 axis 1 -> 7216
2025-03-27 12:31:16.414,1,Joystick #1 axis 1 -> 7239
2025-03-27 12:31:16.453,1,Joystick #1 axis 0 -> 32606
2025-03-27 12:31:16.493,1,Joystick #1 axis 0 -> 5096
2025-03-27 12:31:16.533,1,Joystick #1 axis 0 -> -2136
2025-03-27 12:31:16.574,1,Joystick #1 axis 0 -> 9257
2025-03-27 12:31:16.615,1,Joystick #1 axis 0 -> 32382
2025-03-27 12:31:16.655,1,Joystick #1 axis 1 -> -3168
2025-03-27 12:31:16.696,1,Joystick #1 axis 1 -> 216
2025-03-27 12:31:16.736,1,Joystick #1 axis 1 -> 1795
2025-03-27 12:31:16.775,1,Joystick #1 axis 1 -> 1978
2025-03-27 12:31:16.815,1,Joystick #1 axis 1 -> 1818
2025-03-27 12:31:16.858,1,Joystick #1 axis 1 -> 880
2025-03-27 12:31:16.925,1,Joystick #1 axis 1 -> 811
2025-03-27 12:31:16.965,1,Joystick #1 axis 1 -> 720
2025-03-27 12:31:17.008,1,Joystick #1 axis 0 -> 32734
2025-03-27 12:31:17.047,1,Joystick #1 axis 0 -> 31822
2025-03-27 12:31:17.092,1,Joystick #1 axis 0 -> 30478
2025-03-27 12:31:17.134,1,Joystick #1 axis 0 -> 28029
2025-03-27 12:31:17.175,1,Joystick #1 axis 0 -> 27133
2025-03-27 12:31:17.491,1,Joystick #1 axis 0 -> 119
2025-03-27 12:31:17.548,1,Joystick #1 axis 0 -> 2151
2025-03-27 12:31:17.587,1,Joystick #1 axis 0 -> 10537
2025-03-27 12:31:17.627,1,Joystick #1 axis 0 -> 28574
2025-03-27 12:31:17.667,1,Joystick #1 axis 0 -> 32398
2025-03-27 12:31:17.708,1,Joystick #1 axis 0 -> 551
2025-03-27 12:31:17.950,1,Joystick #1 axis 0 -> 71
2025-03-27 12:31:17.991,1,Joystick #1 axis 0 -> 12714
2025-03-27 12:31:18.046,1,Joystick #1 axis 0 -> 32398
2025-03-27 12:31:18.188,1,Joystick #1 axis 1 -> 7010
2025-03-27 12:31:18.270,1,Joystick #1 axis 1 -> 6896
2025-03-27 12:31:18.314,1,Joystick #1 axis 1 -> 6987
2025-03-27 12:31:18.383,1,Joystick #1 axis 1 -> 7216
2025-03-27 12:31:18.478,1,Joystick #1 axis 1 -> 7216
2025-03-27 12:31:18.519,1,Joystick #1 axis 1 -> 6232
2025-03-27 12:31:18.696,1,Joystick #1 axis 0 -> -88
2025-03-27 12:31:18.737,1,Joystick #1 axis 0 -> -19356
2025-03-27 12:31:18.778,1,Joystick #1 axis 0 -> -25742
2025-03-27 12:31:18.826,1,Joystick #1 axis 0 -> -25406
2025-03-27 12:31:18.871,1,Joystick #1 axis 0 -> -2008
2025-03-27 12:31:19.461,1,Joystick #1 axis 0 -> -88
2025-03-27 12:31:19.501,1,Joystick #1 axis 0 -> -13723
2025-03-27 12:31:19.540,1,Joystick #1 axis 0 -> -14139
2025-03-27 12:31:19.815,1,Joystick #1 axis 0 -> 55
2025-03-27 12:31:19.855,1,Joystick #1 axis 0 -> 2984
2025-03-27 12:31:20.045,1,Joystick #1 axis 0 -> -232
2025-03-27 12:31:20.086,1,Joystick #1 axis 0 -> -32655
2025-03-27 12:31:20.127,1,Joystick #1 axis 1 -> 4242
2025-03-27 12:31:20.171,1,Joystick #1 axis 1 -> 4723
2025-03-27 12:31:20.212,1,Joystick #1 axis 0 -> -32703
2025-03-27 12:31:20.254,1,Joystick #1 axis 1 -> -3488
2025-03-27 12:31:20.295,1,Joystick #1 axis 1 -> -3145
2025-03-27 12:31:20.335,1,Joystick #1 axis 0 -> -32687
2025-03-27 12:31:20.430,1,Joystick #1 axis 0 -> -56
2025-03-27 12:31:20.473,1,Joystick #1 axis 0 -> -27918
2025-03-27 12:31:20.513,1,Joystick #1 axis 1 -> -6736
2025-03-27 12:31:20.561,1,Joystick #1 axis 1 -> -6348
2025-03-27 12:31:20.600,1,Joystick #1 axis 0 -> -18476
2025-03-27 12:31:20.723,1,Joystick #1 axis 0 -> -216
2025-03-27 12:31:20.765,1,Joystick #1 axis 1 -> -9779
2025-03-27 12:31:20.804,1,Joystick #1 axis 0 -> -32175
2025-03-27 12:31:20.844,1,Joystick #1 axis 0 -> -32031
2025-03-27 12:31:20.885,1,Joystick #1 axis 0 -> -1736
2025-03-27 12:31:21.109,1,Joystick #1 axis 0 -> -184
2025-03-27 12:31:21.150,1,Joystick #1 axis 0 -> -23549
2025-03-27 12:31:21.190,1,Joystick #1 axis 1 -> -9207
2025-03-27 12:31:21.338,1,Joystick #1 axis 0 -> -3417
2025-03-27 12:31:21.377,1,Joystick #1 axis 0 -> -32143
2025-03-27 12:31:21.417,1,Joystick #1 axis 1 -> -6210
2025-03-27 12:31:21.460,1,Joystick #1 axis 1 -> -5890
2025-03-27 12:31:21.507,1,Joystick #1 axis 1 -> -6416
2025-03-27 12:31:21.548,1,Joystick #1 axis 0 -> -32239
2025-03-27 12:31:21.588,1,Joystick #1 axis 0 -> -13867
2025-03-27 12:31:21.627,1,Joystick #1 axis 0 -> -1864
2025-03-27 12:31:21.668,1,Joystick #1 axis 1 -> -2619
2025-03-27 12:31:21.718,1,Joystick #1 axis 1 -> -2436
2025-03-27 12:31:21.759,1,Joystick #1 axis 0 -> -27454
2025-03-27 12:31:21.923,1,Joystick #1 axis 0 -> 311
2025-03-27 12:31:21.967,1,Joystick #1 axis 1 -> 2755
2025-03-27 12:31:22.013,1,Joystick #1 axis 1 -> 2366
2025-03-27 12:31:22.054,1,Joystick #1 axis 1 -> 2252
2025-03-27 12:31:22.263,1,Joystick #1 axis 0 -> -88
2025-03-27 12:31:22.303,1,Joystick #1 axis 0 -> -7546
2025-03-27 12:31:22.344,1,Joystick #1 axis 1 -> -2139
2025-03-27 12:31:22.383,1,Joystick #1 axis 1 -> -1956
2025-03-27 12:31:22.423,1,Joystick #1 axis 0 -> -4457
2025-03-27 12:31:22.464,1,Joystick #1 axis 0 -> -7866
2025-03-27 12:31:22.504,1,Joystick #1 axis 1 -> -995
2025-03-27 12:31:22.571,1,Joystick #1 axis 1 -> -2756
2025-03-27 12:31:22.610,1,Joystick #1 axis 1 -> 2915
2025-03-27 12:31:22.650,1,Joystick #1 axis 0 -> -7002
2025-03-27 12:31:23.093,1,Joystick #1 axis 5 -> -32768
2025-03-27 12:31:23.140,1,Joystick #1 axis 5 -> 32767
2025-03-27 12:31:23.184,1,Joystick #1 axis 0 -> -56
2025-03-27 12:31:23.224,1,Joystick #1 axis 1 -> 6141
2025-03-27 12:31:23.265,1,Joystick #1 axis 1 -> 5272
2025-03-27 12:31:23.307,1,Joystick #1 axis 1 -> 4471
2025-03-27 12:31:23.356,1,Joystick #1 axis 1 -> 3396
2025-03-27 12:31:23.396,1,Joystick #1 axis 1 -> 3556
2025-03-27 12:31:23.441,1,Joystick #1 axis 1 -> 3991
2025-03-27 12:31:23.483,1,Joystick #1 axis 1 -> 4082
2025-03-27 12:31:23.524,1,Joystick #1 axis 0 -> -32591
2025-03-27 12:31:23.563,1,Joystick #1 axis 1 -> 7216
2025-03-27 12:31:23.608,1,Joystick #1 axis 0 -> -32303
2025-03-27 12:31:23.705,1,Joystick #1 axis 0 -> -32303
2025-03-27 12:31:23.745,1,Joystick #1 axis 1 -> 7719
2025-03-27 12:31:23.789,1,Joystick #1 axis 1 -> 4402
2025-03-27 12:31:23.829,1,Joystick #1 axis 0 -> -8474
2025-03-27 12:31:23.871,1,Joystick #1 axis 0 -> -1496
2025-03-27 12:31:23.911,1,Joystick #1 axis 0 -> 3720
2025-03-27 12:31:23.951,1,Joystick #1 axis 0 -> 13786
2025-03-27 12:31:23.991,1,Joystick #1 axis 0 -> 31598
2025-03-27 12:31:24.031,1,Joystick #1 axis 0 -> 32542
2025-03-27 12:31:24.071,1,Joystick #1 axis 0 -> 32718
2025-03-27 12:31:24.111,1,Joystick #1 axis 0 -> 32222
2025-03-27 12:31:24.160,1,Joystick #1 axis 1 -> 9732
2025-03-27 12:31:24.201,1,Joystick #1 axis 1 -> 9869
2025-03-27 12:31:24.242,1,Joystick #1 axis 0 -> 32030
2025-03-27 12:31:24.281,1,Joystick #1 axis 0 -> 32270
2025-03-27 12:31:24.322,1,Joystick #1 axis 0 -> 4024
2025-03-27 12:31:24.804,1,Joystick #1 axis 0 -> -40
2025-03-27 12:31:24.846,1,Joystick #1 axis 0 -> -17340
2025-03-27 12:31:24.892,1,Joystick #1 axis 1 -> -2345
2025-03-27 12:31:24.932,1,Joystick #1 axis 0 -> -32511
2025-03-27 12:31:25.287,1,Joystick #1 axis 0 -> -200
2025-03-27 12:31:25.326,1,Joystick #1 axis 0 -> -18460
2025-03-27 12:31:25.367,1,Joystick #1 axis 0 -> -22445
2025-03-27 12:31:25.406,1,Joystick #1 axis 0 -> -2425
2025-03-27 12:31:25.598,1,Joystick #1 axis 0 -> -200
2025-03-27 12:31:25.638,1,Joystick #1 axis 0 -> -23997
2025-03-27 12:31:25.677,1,Joystick #1 axis 0 -> -32671
2025-03-27 12:31:25.721,1,Joystick #1 axis 0 -> -18028
2025-03-27 12:31:25.931,1,Joystick #1 axis 0 -> 135
2025-03-27 12:31:25.980,1,Joystick #1 axis 0 -> 15130
2025-03-27 12:31:26.022,1,Joystick #1 axis 0 -> 10281
2025-03-27 12:31:26.808,1,Joystick #1 axis 0 -> 87
2025-03-27 12:31:26.848,1,Joystick #1 axis 1 -> -1041
2025-03-27 12:31:26.890,1,Joystick #1 axis 1 -> -1658
2025-03-27 12:31:26.930,1,Joystick #1 axis 1 -> -309
2025-03-27 12:31:26.970,1,Joystick #1 axis 1 -> 2069
2025-03-27 12:31:27.010,1,Joystick #1 axis 0 -> 32670
2025-03-27 12:31:27.124,1,Joystick #1 axis 0 -> 199
2025-03-27 12:31:27.170,1,Joystick #1 axis 1 -> 6392
2025-03-27 12:31:27.228,1,Joystick #1 axis 1 -> 6964
2025-03-27 12:31:27.272,1,Joystick #1 axis 1 -> 6964
2025-03-27 12:31:27.323,1,Joystick #1 axis 1 -> 7056
2025-03-27 12:31:27.390,1,Joystick #1 axis 1 -> 7124
2025-03-27 12:31:27.442,1,Joystick #1 axis 1 -> 7079
2025-03-27 12:31:27.509,1,Joystick #1 axis 1 -> 7101
2025-03-27 12:31:27.555,1,Joystick #1 axis 1 -> 6987
2025-03-27 12:31:27.595,1,Joystick #1 axis 0 -> 13658
2025-03-27 12:31:27.724,1,Joystick #1 axis 0 -> 135
2025-03-27 12:31:27.764,1,Joystick #1 axis 1 -> 9869
2025-03-27 12:31:27.803,1,Joystick #1 axis 1 -> 9480
2025-03-27 12:31:27.845,1,Joystick #1 axis 1 -> 8817
2025-03-27 12:31:27.922,1,Joystick #1 axis 1 -> 8703
2025-03-27 12:31:27.972,1,Joystick #1 axis 1 -> 8588
2025-03-27 12:31:28.013,1,Joystick #1 axis 1 -> 8771
2025-03-27 12:31:28.054,1,Joystick #1 axis 1 -> 10007
2025-03-27 12:31:28.097,1,Joystick #1 axis 1 -> 10007
2025-03-27 12:31:28.137,1,Joystick #1 axis 1 -> 9252
2025-03-27 12:31:28.176,1,Joystick #1 axis 1 -> 7650
2025-03-27 12:31:28.216,1,Joystick #1 axis 0 -> 32590
2025-03-27 12:31:28.258,1,Joystick #1 axis 1 -> 3693
2025-03-27 12:31:28.297,1,Joystick #1 axis 1 -> 4700
2025-03-27 12:31:28.338,1,Joystick #1 axis 1 -> 6918
2025-03-27 12:31:28.391,1,Joystick #1 axis 1 -> 6987
2025-03-27 12:31:28.478,1,Joystick #1 axis 1 -> 7033
2025-03-27 12:31:28.534,1,Joystick #1 axis 1 -> 7056
2025-03-27 12:31:28.576,1,Joystick #1 axis 1 -> 7056
2025-03-27 12:31:28.621,1,Joystick #1 axis 1 -> 7033
2025-03-27 12:31:28.667,1,Joystick #1 axis 1 -> 6941
2025-03-27 12:31:28.712,1,Joystick #1 axis 1 -> 6758
2025-03-27 12:31:28.754,1,Joystick #1 axis 1 -> 6690
2025-03-27 12:31:28.804,1,Joystick #1 axis 0 -> 32446
2025-03-27 12:31:28.856,1,Joystick #1 axis 0 -> 32430
2025-03-27 12:31:28.934,1,Joystick #1 axis 1 -> 6644
2025-03-27 12:31:28.974,1,Joystick #1 axis 1 -> 6049
2025-03-27 12:31:29.014,1,Joystick #1 axis 1 -> 3419
2025-03-27 12:31:29.055,1,Joystick #1 axis 1 -> 2412
2025-03-27 12:31:29.095,1,Joystick #1 axis 1 -> 2206
2025-03-27 12:31:29.150,1,Joystick #1 axis 1 -> 2184
2025-03-27 12:31:29.199,1,Joystick #1 axis 1 -> 2115
2025-03-27 12:31:29.242,1,Joystick #1 axis 1 -> 1886
2025-03-27 12:31:29.286,1,Joystick #1 axis 1 -> 1017
2025-03-27 12:31:29.328,1,Joystick #1 axis 1 -> -11
2025-03-27 12:31:29.391,1,Joystick #1 axis 1 -> -3397
2025-03-27 12:31:29.432,1,Joystick #1 axis 0 -> 30830
2025-03-27 12:31:29.472,1,Joystick #1 axis 0 -> 19756
2025-03-27 12:31:29.513,1,Joystick #1 axis 0 -> 9129
2025-03-27 12:31:29.553,1,Joystick #1 axis 0 -> -4537
2025-03-27 12:31:29.827,1,Joystick #1 axis 0 -> 71
2025-03-27 12:31:29.866,1,Joystick #1 axis 0 -> 17883
2025-03-27 12:31:29.910,1,Joystick #1 axis 1 -> 8172
2025-03-27 12:31:29.984,1,Joystick #1 axis 1 -> 8229
2025-03-27 12:31:30.051,1,Joystick #1 axis 1 -> 8097
2025-03-27 12:31:30.132,1,Joystick #1 axis 1 -> 8417
2025-03-27 12:31:30.191,1,Joystick #1 axis 1 -> 8549
2025-03-27 12:31:30.231,1,Joystick #1 axis 0 -> 967
2025-03-27 12:31:30.283,1,Joystick #1 axis 0 -> 167
2025-03-27 12:31:30.330,1,Joystick #1 axis 0 -> 16939
2025-03-27 12:31:30.397,1,Joystick #1 axis 0 -> 32302
2025-03-27 12:31:30.468,1,Joystick #1 axis 1 -> 12353
2025-03-27 12:31:30.531,1,Joystick #1 axis 0 -> 32286
2025-03-27 12:31:30.575,1,Joystick #1 axis 1 -> 12409
2025-03-27 12:31:30.701,1,Joystick #1 axis 0 -> 32334
2025-03-27 12:31:30.834,1,Joystick #1 axis 0 -> -8
2025-03-27 12:31:30.874,1,Joystick #1 axis 0 -> -8794
2025-03-27 12:31:30.914,1,Joystick #1 axis 0 -> -8074
2025-03-27 12:31:31.021,1,Joystick #1 axis 0 -> 103
2025-03-27 12:31:31.061,1,Joystick #1 axis 0 -> 28878
2025-03-27 12:31:31.101,1,Joystick #1 axis 1 -> 13388
2025-03-27 12:31:31.141,1,Joystick #1 axis 1 -> 12711
2025-03-27 12:31:31.186,1,Joystick #1 axis 0 -> 32270
2025-03-27 12:31:31.246,1,Joystick #1 axis 1 -> 12485
2025-03-27 12:31:31.287,1,Joystick #1 axis 1 -> 11731
2025-03-27 12:31:31.327,1,Joystick #1 axis 1 -> 5554
2025-03-27 12:31:31.447,1,Joystick #1 axis 0 -> 103
2025-03-27 12:31:31.487,1,Joystick #1 axis 0 -> 32078
2025-03-27 12:31:31.539,1,Joystick #1 axis 1 -> 13520
2025-03-27 12:31:31.580,1,Joystick #1 axis 1 -> 13200
2025-03-27 12:31:31.620,1,Joystick #1 axis 1 -> 13031
2025-03-27 12:31:31.660,1,Joystick #1 axis 0 -> 32430
2025-03-27 12:31:31.708,1,Joystick #1 axis 0 -> 8953
2025-03-27 12:31:32.351,1,Joystick #1 axis 0 -> -40
2025-03-27 12:31:32.424,1,Joystick #1 axis 0 -> -16124
2025-03-27 12:31:32.464,1,Joystick #1 axis 0 -> -32399
2025-03-27 12:31:32.504,1,Joystick #1 axis 0 -> -13131
2025-03-27 12:31:32.921,1,Joystick #1 axis 0 -> 23
2025-03-27 12:31:32.961,1,Joystick #1 axis 0 -> 9001
2025-03-27 12:31:33.001,1,Joystick #1 axis 1 -> 3596
2025-03-27 12:31:33.041,1,Joystick #1 axis 0 -> 16283
2025-03-27 12:31:33.083,1,Joystick #1 axis 0 -> 8297
2025-03-27 12:31:33.123,1,Joystick #1 axis 0 -> 8937
2025-03-27 12:31:33.369,1,Joystick #1 axis 0 -> 71
2025-03-27 12:31:33.409,1,Joystick #1 axis 0 -> 5096
2025-03-27 12:31:33.449,1,Joystick #1 axis 0 -> 1575
2025-03-27 12:31:34.415,1,Joystick #1 axis 0 -> -136
2025-03-27 12:31:34.459,1,Joystick #1 axis 0 -> -16220
2025-03-27 12:31:34.564,1,Joystick #1 axis 1 -> 7193
2025-03-27 12:31:34.604,1,Joystick #1 axis 0 -> -29663
2025-03-27 12:31:34.722,1,Joystick #1 axis 0 -> -88
2025-03-27 12:31:34.762,1,Joystick #1 axis 0 -> -11387
2025-03-27 12:31:34.806,1,Joystick #1 axis 0 -> -26334
2025-03-27 12:31:34.846,1,Joystick #1 axis 1 -> 10470
2025-03-27 12:31:34.886,1,Joystick #1 axis 1 -> 10507
2025-03-27 12:31:34.926,1,Joystick #1 axis 0 -> -17756
2025-03-27 12:31:34.966,1,Joystick #1 axis 0 -> -6089
2025-03-27 12:31:35.006,1,Joystick #1 axis 0 -> -20445
2025-03-27 12:31:35.046,1,Joystick #1 axis 0 -> -26078
2025-03-27 12:31:35.090,1,Joystick #1 axis 0 -> -12843
2025-03-27 12:31:35.176,1,Joystick #1 axis 0 -> -184
2025-03-27 12:31:35.216,1,Joystick #1 axis 0 -> -30063
2025-03-27 12:31:35.268,1,Joystick #1 axis 1 -> 10338
2025-03-27 12:31:35.308,1,Joystick #1 axis 0 -> -32127
2025-03-27 12:31:35.417,1,Joystick #1 axis 0 -> -24
2025-03-27 12:31:35.456,1,Joystick #1 axis 0 -> -1096
2025-03-27 12:31:35.782,1,Joystick #1 axis 0 -> -8
2025-03-27 12:31:35.821,1,Joystick #1 axis 0 -> -7562
2025-03-27 12:31:35.861,1,Joystick #1 axis 0 -> -7818
2025-03-27 12:31:35.901,1,Joystick #1 axis 0 -> -7242
2025-03-27 12:31:35.941,1,Joystick #1 axis 0 -> -19981
2025-03-27 12:31:35.981,1,Joystick #1 axis 0 -> -32223
2025-03-27 12:31:36.024,1,Joystick #1 axis 1 -> 4443
2025-03-27 12:31:36.071,1,Joystick #1 axis 1 -> 4688
2025-03-27 12:31:36.111,1,Joystick #1 axis 0 -> -24318
2025-03-27 12:31:36.441,1,Joystick #1 axis 0 -> 103
2025-03-27 12:31:36.481,1,Joystick #1 axis 0 -> 12090
2025-03-27 12:31:36.522,1,Joystick #1 axis 1 -> 11920
2025-03-27 12:31:36.562,1,Joystick #1 axis 1 -> 10583
2025-03-27 12:31:36.605,1,Joystick #1 axis 1 -> 11016
2025-03-27 12:31:36.642,1,Joystick #1 axis 1 -> 12334
2025-03-27 12:31:36.682,1,Joystick #1 axis 0 -> 7641
2025-03-27 12:31:37.028,1,Joystick #1 axis 0 -> 71
2025-03-27 12:31:37.068,1,Joystick #1 axis 0 -> 14618
2025-03-27 12:31:37.108,1,Joystick #1 axis 0 -> 10713
2025-03-27 12:31:37.623,1,Joystick #1 axis 0 -> 23
2025-03-27 12:31:37.664,1,Joystick #1 axis 0 -> 423
2025-03-27 12:31:37.828,1,Joystick #1 axis 0 -> 55
2025-03-27 12:31:37.871,1,Joystick #1 axis 0 -> 6713
2025-03-27 12:31:37.923,1,Joystick #1 axis 0 -> 8985
2025-03-27 12:31:37.963,1,Joystick #1 axis 0 -> 17771
2025-03-27 12:31:38.004,1,Joystick #1 axis 0 -> 13082
2025-03-27 12:31:38.287,1,Joystick #1 axis 0 -> -72
2025-03-27 12:31:38.329,1,Joystick #1 axis 0 -> -4857
2025-03-27 12:31:38.371,1,Joystick #1 axis 0 -> -5641
2025-03-27 12:31:38.411,1,Joystick #1 axis 0 -> -10106
2025-03-27 12:31:38.452,1,Joystick #1 axis 0 -> -10394
2025-03-27 12:31:38.492,1,Joystick #1 axis 0 -> -10266
2025-03-27 12:31:38.532,1,Joystick #1 axis 0 -> -13067
2025-03-27 12:31:38.572,1,Joystick #1 axis 0 -> -7866
2025-03-27 12:31:39.006,1,Joystick #1 axis 0 -> -88
2025-03-27 12:31:39.046,1,Joystick #1 axis 0 -> -17020
2025-03-27 12:31:39.097,1,Joystick #1 axis 0 -> -19132
2025-03-27 12:31:39.137,1,Joystick #1 axis 0 -> -13963
2025-03-27 12:31:39.350,1,Joystick #1 axis 0 -> -88
2025-03-27 12:31:39.390,1,Joystick #1 axis 0 -> -12987
2025-03-27 12:31:39.430,1,Joystick #1 axis 0 -> -14395
2025-03-27 12:31:40.065,1,Joystick #1 axis 0 -> 39
2025-03-27 12:31:40.105,1,Joystick #1 axis 0 -> 3304
2025-03-27 12:31:40.145,1,Joystick #1 axis 0 -> 9385
2025-03-27 12:31:40.187,1,Joystick #1 axis 0 -> 15307
2025-03-27 12:31:40.227,1,Joystick #1 axis 0 -> 22252
2025-03-27 12:31:40.267,1,Joystick #1 axis 0 -> 23052
2025-03-27 12:31:40.777,1,Joystick #1 axis 0 -> -8
2025-03-27 12:31:40.823,1,Joystick #1 axis 0 -> -5705
2025-03-27 12:31:40.863,1,Joystick #1 axis 0 -> -5241
2025-03-27 12:31:40.906,1,Joystick #1 axis 0 -> -5913
2025-03-27 12:31:40.946,1,Joystick #1 axis 0 -> -12523
2025-03-27 12:31:40.987,1,Joystick #1 axis 0 -> -10634
2025-03-27 12:31:41.339,1,Joystick #1 axis 0 -> -40
2025-03-27 12:31:41.379,1,Joystick #1 axis 0 -> -10698
2025-03-27 12:31:41.421,1,Joystick #1 axis 1 -> 11091
2025-03-27 12:31:41.462,1,Joystick #1 axis 0 -> -5929
2025-03-27 12:31:41.689,1,Joystick #1 axis 0 -> -56
2025-03-27 12:31:41.729,1,Joystick #1 axis 0 -> -13739
2025-03-27 12:31:41.768,1,Joystick #1 axis 0 -> -14219
2025-03-27 12:31:42.375,1,Joystick #1 axis 0 -> 135
2025-03-27 12:31:42.415,1,Joystick #1 axis 0 -> 7161
2025-03-27 12:31:42.456,1,Joystick #1 axis 0 -> 1815
2025-03-27 12:31:42.660,1,Joystick #1 axis 1 -> 5799
2025-03-27 12:31:42.700,1,Joystick #1 axis 0 -> 8121
2025-03-27 12:31:42.741,1,Joystick #1 axis 0 -> 13194
2025-03-27 12:31:42.781,1,Joystick #1 axis 1 -> 6534
2025-03-27 12:31:42.822,1,Joystick #1 axis 0 -> 7497
2025-03-27 12:31:43.303,1,Joystick #1 axis 0 -> -136
2025-03-27 12:31:43.346,1,Joystick #1 axis 0 -> -7482
2025-03-27 12:31:43.399,1,Joystick #1 axis 1 -> 6948
2025-03-27 12:31:43.439,1,Joystick #1 axis 0 -> -8026
2025-03-27 12:31:44.196,1,Joystick #1 axis 0 -> -8
2025-03-27 12:31:44.239,1,Joystick #1 axis 0 -> -28286
2025-03-27 12:31:44.287,1,Joystick #1 axis 0 -> -32463
2025-03-27 12:31:44.327,1,Joystick #1 axis 0 -> -32335
2025-03-27 12:31:44.367,1,Joystick #1 axis 0 -> -2152
2025-03-27 12:31:44.779,1,Joystick #1 axis 1 -> 5799
2025-03-27 12:31:44.820,1,Joystick #1 axis 0 -> 14202
2025-03-27 12:31:44.860,1,Joystick #1 axis 0 -> 17467
2025-03-27 12:31:44.902,1,Joystick #1 axis 0 -> 2312
2025-03-27 12:31:45.221,1,Joystick #1 axis 0 -> 39
2025-03-27 12:31:45.260,1,Joystick #1 axis 1 -> 7080
2025-03-27 12:31:45.370,1,Joystick #1 axis 0 -> 71
2025-03-27 12:31:45.410,1,Joystick #1 axis 0 -> 9513
2025-03-27 12:31:45.451,1,Joystick #1 axis 0 -> 7433
2025-03-27 12:31:45.539,1,Joystick #1 axis 0 -> 23
2025-03-27 12:31:45.579,1,Joystick #1 axis 0 -> 22028
2025-03-27 12:31:45.619,1,Joystick #1 axis 1 -> 11807
2025-03-27 12:31:45.659,1,Joystick #1 axis 1 -> 8850
2025-03-27 12:31:45.699,1,Joystick #1 axis 0 -> 19355
2025-03-27 12:31:46.528,1,Joystick #1 axis 0 -> -216
2025-03-27 12:31:46.568,1,Joystick #1 axis 0 -> -32735
2025-03-27 12:31:46.608,1,Joystick #1 axis 1 -> 3897
2025-03-27 12:31:46.648,1,Joystick #1 axis 0 -> -17452
2025-03-27 12:31:47.123,1,Joystick #1 axis 0 -> -184
2025-03-27 12:31:47.164,1,Joystick #1 axis 1 -> 7230
2025-03-27 12:31:47.205,1,Joystick #1 axis 1 -> 7569
2025-03-27 12:31:47.246,1,Joystick #1 axis 1 -> 7739
2025-03-27 12:31:47.286,1,Joystick #1 axis 0 -> -5961
2025-03-27 12:31:47.687,1,Joystick #1 axis 0 -> 87
2025-03-27 12:31:47.728,1,Joystick #1 axis 0 -> 4232
2025-03-27 12:31:47.767,1,Joystick #1 axis 1 -> 6647
2025-03-27 12:31:47.808,1,Joystick #1 axis 0 -> 3256
2025-03-27 12:31:48.139,1,Joystick #1 axis 0 -> 39
2025-03-27 12:31:48.178,1,Joystick #1 axis 0 -> 16251
2025-03-27 12:31:48.218,1,Joystick #1 axis 0 -> 32702
2025-03-27 12:31:48.259,1,Joystick #1 axis 0 -> 1991
2025-03-27 12:31:48.648,1,Joystick #1 axis 0 -> 103
2025-03-27 12:31:48.688,1,Joystick #1 axis 0 -> 2648
2025-03-27 12:31:48.728,1,Joystick #1 axis 0 -> 32670
2025-03-27 12:31:48.768,1,Joystick #1 axis 0 -> 32430
2025-03-27 12:31:48.809,1,Joystick #1 axis 0 -> 17611
2025-03-27 12:31:49.249,1,Joystick #1 axis 0 -> -88
2025-03-27 12:31:49.289,1,Joystick #1 axis 0 -> -7834
2025-03-27 12:31:49.329,1,Joystick #1 axis 0 -> -20205
2025-03-27 12:31:49.369,1,Joystick #1 axis 1 -> 7080
2025-03-27 12:31:49.409,1,Joystick #1 axis 0 -> -13291
2025-03-27 12:31:49.560,1,Joystick #1 axis 0 -> 135
2025-03-27 12:31:49.600,1,Joystick #1 axis 1 -> 12277
2025-03-27 12:31:49.643,1,Joystick #1 axis 1 -> 12296
2025-03-27 12:31:49.692,1,Joystick #1 axis 1 -> 12296
2025-03-27 12:31:49.742,1,Joystick #1 axis 1 -> 12183
2025-03-27 12:31:49.782,1,Joystick #1 axis 1 -> 12221
2025-03-27 12:31:49.843,1,Joystick #1 axis 1 -> 12277
2025-03-27 12:31:49.882,1,Joystick #1 axis 1 -> 13275
2025-03-27 12:31:49.932,1,Joystick #1 axis 0 -> 32078
2025-03-27 12:31:49.974,1,Joystick #1 axis 0 -> 32094
2025-03-27 12:31:50.014,1,Joystick #1 axis 1 -> 13614
2025-03-27 12:31:50.061,1,Joystick #1 axis 1 -> 11844
2025-03-27 12:31:50.101,1,Joystick #1 axis 1 -> 9697
2025-03-27 12:31:50.140,1,Joystick #1 axis 0 -> 32654
2025-03-27 12:31:50.180,1,Joystick #1 axis 0 -> 32750
2025-03-27 12:31:50.221,1,Joystick #1 axis 0 -> 9225
2025-03-27 12:31:50.261,1,Joystick #1 axis 0 -> -5449
2025-03-27 12:31:50.342,1,Joystick #1 axis 5 -> -32768
2025-03-27 12:31:50.402,1,Joystick #1 axis 5 -> 32767
2025-03-27 12:31:50.588,1,Joystick #1 axis 1 -> 5799
2025-03-27 12:31:50.628,1,Joystick #1 axis 1 -> 10432
2025-03-27 12:31:50.673,1,Joystick #1 axis 1 -> 9886
2025-03-27 12:31:50.713,1,Joystick #1 axis 0 -> 32478
2025-03-27 12:31:50.872,1,Joystick #1 axis 1 -> 11260
2025-03-27 12:31:50.911,1,Joystick #1 axis 0 -> 32286
2025-03-27 12:31:50.954,1,Joystick #1 axis 1 -> 12880
2025-03-27 12:31:51.007,1,Joystick #1 axis 1 -> 13162
2025-03-27 12:31:51.057,1,Joystick #1 axis 1 -> 13125
2025-03-27 12:31:51.096,1,Joystick #1 axis 0 -> 32094
2025-03-27 12:31:51.137,1,Joystick #1 axis 1 -> 14820
2025-03-27 12:31:51.179,1,Joystick #1 axis 0 -> 31838
2025-03-27 12:31:51.222,1,Joystick #1 axis 0 -> 32014
2025-03-27 12:31:51.320,1,Joystick #1 axis 5 -> 32767
2025-03-27 12:31:51.479,1,Joystick #1 axis 0 -> 23
2025-03-27 12:31:51.519,1,Joystick #1 axis 0 -> 9961
2025-03-27 12:31:51.560,1,Joystick #1 axis 1 -> 11449
2025-03-27 12:31:51.600,1,Joystick #1 axis 1 -> 10244
2025-03-27 12:31:51.641,1,Joystick #1 axis 1 -> 9810
2025-03-27 12:31:51.681,1,Joystick #1 axis 0 -> 28462
2025-03-27 12:31:51.773,1,Joystick #1 axis 5 -> -32768
2025-03-27 12:31:51.944,1,Joystick #1 axis 5 -> 32767
2025-03-27 12:31:51.984,1,Joystick #1 axis 0 -> 5480
2025-03-27 12:31:52.024,1,Joystick #1 axis 0 -> 11562
2025-03-27 12:31:52.064,1,Joystick #1 axis 0 -> 9689
2025-03-27 12:31:52.104,1,Joystick #1 axis 0 -> 663
2025-03-27 12:31:52.147,1,Joystick #1 axis 0 -> 151
2025-03-27 12:31:52.188,1,Joystick #1 axis 0 -> 14186
2025-03-27 12:31:52.246,1,Joystick #1 axis 1 -> 6534
2025-03-27 12:31:52.289,1,Joystick #1 axis 0 -> 27821
2025-03-27 12:31:52.334,1,Joystick #1 axis 1 -> 8549
2025-03-27 12:31:52.373,1,Joystick #1 axis 1 -> 9245
2025-03-27 12:31:52.413,1,Joystick #1 axis 1 -> 10262
2025-03-27 12:31:52.570,1,Joystick #1 axis 0 -> 32526
2025-03-27 12:31:52.612,1,Joystick #1 axis 1 -> 10978
2025-03-27 12:31:52.661,1,Joystick #1 axis 1 -> 11336
2025-03-27 12:31:52.702,1,Joystick #1 axis 0 -> 32414
2025-03-27 12:31:52.742,1,Joystick #1 axis 0 -> 32174
2025-03-27 12:31:52.782,1,Joystick #1 axis 1 -> 13050
2025-03-27 12:31:52.829,1,Joystick #1 axis 1 -> 12805
2025-03-27 12:31:52.905,1,Joystick #1 axis 0 -> 32238
2025-03-27 12:31:52.951,1,Joystick #1 axis 1 -> 12711
2025-03-27 12:31:53.066,1,Joystick #1 axis 1 -> 12673
2025-03-27 12:31:53.106,1,Joystick #1 axis 0 -> 32142
2025-03-27 12:31:53.150,1,Joystick #1 axis 0 -> 31870
2025-03-27 12:31:53.203,1,Joystick #1 axis 1 -> 14914
2025-03-27 12:31:53.244,1,Joystick #1 axis 1 -> 14782
2025-03-27 12:31:53.285,1,Joystick #1 axis 0 -> 31998
2025-03-27 12:31:53.338,1,Joystick #1 axis 1 -> 13972
2025-03-27 12:31:53.379,1,Joystick #1 axis 1 -> 13991
2025-03-27 12:31:53.449,1,Joystick #1 axis 1 -> 13972
2025-03-27 12:31:53.562,1,Joystick #1 axis 1 -> 13972
2025-03-27 12:31:53.637,1,Joystick #1 axis 1 -> 13972
2025-03-27 12:31:53.678,1,Joystick #1 axis 1 -> 13991
2025-03-27 12:31:53.754,1,Joystick #1 axis 1 -> 13972
2025-03-27 12:31:53.807,1,Joystick #1 axis 1 -> 13935
2025-03-27 12:31:53.855,1,Joystick #1 axis 1 -> 13803
2025-03-27 12:31:53.899,1,Joystick #1 axis 1 -> 13671
2025-03-27 12:31:53.939,1,Joystick #1 axis 1 -> 13388
2025-03-27 12:31:53.980,1,Joystick #1 axis 0 -> 32270
2025-03-27 12:31:54.020,1,Joystick #1 axis 1 -> 11430
2025-03-27 12:31:54.060,1,Joystick #1 axis 1 -> 10620
2025-03-27 12:31:54.100,1,Joystick #1 axis 0 -> 32670
2025-03-27 12:31:54.140,1,Joystick #1 axis 1 -> 5780
2025-03-27 12:31:54.180,1,Joystick #1 axis 1 -> 2692
2025-03-27 12:31:54.221,1,Joystick #1 axis 1 -> 2522
2025-03-27 12:31:54.264,1,Joystick #1 axis 1 -> 2673
2025-03-27 12:31:54.305,1,Joystick #1 axis 1 -> 1882
2025-03-27 12:31:54.345,1,Joystick #1 axis 0 -> 31966
2025-03-27 12:31:54.385,1,Joystick #1 axis 0 -> 23484
2025-03-27 12:31:54.426,1,Joystick #1 axis 0 -> 1719
2025-03-27 12:31:54.761,1,Joystick #1 axis 0 -> -8
2025-03-27 12:31:54.802,1,Joystick #1 axis 0 -> -10554
2025-03-27 12:31:54.842,1,Joystick #1 axis 0 -> -11291
2025-03-27 12:31:54.882,1,Joystick #1 axis 0 -> -10186
2025-03-27 12:31:54.923,1,Joystick #1 axis 0 -> -11835
2025-03-27 12:31:54.963,1,Joystick #1 axis 1 -> 3069
2025-03-27 12:31:55.006,1,Joystick #1 axis 1 -> 3069
2025-03-27 12:31:55.049,1,Joystick #1 axis 1 -> 3163
2025-03-27 12:31:55.090,1,Joystick #1 axis 0 -> -10666
2025-03-27 12:31:55.346,1,Joystick #1 axis 0 -> 39
2025-03-27 12:31:55.392,1,Joystick #1 axis 0 -> 17307
2025-03-27 12:31:55.431,1,Joystick #1 axis 1 -> 12635
2025-03-27 12:31:55.471,1,Joystick #1 axis 1 -> 10018
2025-03-27 12:31:55.511,1,Joystick #1 axis 0 -> 23436
2025-03-27 12:31:56.852,1,Joystick #1 axis 0 -> 87
2025-03-27 12:31:56.892,1,Joystick #1 axis 0 -> 1831
2025-03-27 12:31:56.933,1,Joystick #1 axis 0 -> 2984
2025-03-27 12:31:56.976,1,Joystick #1 axis 0 -> 10329
2025-03-27 12:31:57.015,1,Joystick #1 axis 1 -> 5460
2025-03-27 12:31:57.056,1,Joystick #1 axis 0 -> 32702
2025-03-27 12:31:57.096,1,Joystick #1 axis 0 -> 11098
2025-03-27 12:31:57.491,1,Joystick #1 axis 0 -> -40
2025-03-27 12:31:57.531,1,Joystick #1 axis 0 -> -15628
2025-03-27 12:31:57.571,1,Joystick #1 axis 1 -> 1732
2025-03-27 12:31:57.613,1,Joystick #1 axis 0 -> -32527
2025-03-27 12:31:57.653,1,Joystick #1 axis 0 -> -15820
2025-03-27 12:31:58.205,1,Joystick #1 axis 0 -> 87
2025-03-27 12:31:58.246,1,Joystick #1 axis 0 -> 16651
2025-03-27 12:31:58.285,1,Joystick #1 axis 0 -> 32750
2025-03-27 12:31:58.333,1,Joystick #1 axis 1 -> 6402
2025-03-27 12:31:58.375,1,Joystick #1 axis 1 -> 7174
2025-03-27 12:31:58.477,1,Joystick #1 axis 0 -> 103
2025-03-27 12:31:58.516,1,Joystick #1 axis 0 -> 13530
2025-03-27 12:31:58.556,1,Joystick #1 axis 1 -> 11750
2025-03-27 12:31:58.596,1,Joystick #1 axis 1 -> 11223
2025-03-27 12:31:58.638,1,Joystick #1 axis 1 -> 10771
2025-03-27 12:31:58.871,1,Joystick #1 axis 0 -> -72
2025-03-27 12:31:58.912,1,Joystick #1 axis 0 -> -15211
2025-03-27 12:31:58.953,1,Joystick #1 axis 0 -> -16476
2025-03-27 12:31:58.993,1,Joystick #1 axis 0 -> -6457
2025-03-27 12:31:59.269,1,Joystick #1 axis 0 -> 87
2025-03-27 12:31:59.310,1,Joystick #1 axis 0 -> 20828
2025-03-27 12:31:59.350,1,Joystick #1 axis 1 -> 11091
2025-03-27 12:31:59.394,1,Joystick #1 axis 0 -> 32478
2025-03-27 12:31:59.465,1,Joystick #1 axis 1 -> 10752
2025-03-27 12:31:59.505,1,Joystick #1 axis 0 -> 30030
2025-03-27 12:31:59.680,1,Joystick #1 axis 0 -> 39
2025-03-27 12:31:59.720,1,Joystick #1 axis 0 -> 7769
2025-03-27 12:31:59.760,1,Joystick #1 axis 0 -> 30622
2025-03-27 12:31:59.844,1,Joystick #1 axis 0 -> 32510
2025-03-27 12:31:59.905,1,Joystick #1 axis 1 -> 10620
2025-03-27 12:31:59.947,1,Joystick #1 axis 0 -> 32526
2025-03-27 12:31:59.998,1,Joystick #1 axis 1 -> 10677
2025-03-27 12:32:00.045,1,Joystick #1 axis 1 -> 10639
2025-03-27 12:32:00.159,1,Joystick #1 axis 1 -> 10639
2025-03-27 12:32:00.198,1,Joystick #1 axis 1 -> 8737
2025-03-27 12:32:00.472,1,Joystick #1 axis 0 -> 87
2025-03-27 12:32:00.513,1,Joystick #1 axis 0 -> 18667
2025-03-27 12:32:00.552,1,Joystick #1 axis 1 -> 7136
2025-03-27 12:32:00.593,1,Joystick #1 axis 1 -> 6684
2025-03-27 12:32:00.633,1,Joystick #1 axis 1 -> 6119
2025-03-27 12:32:00.865,1,Joystick #1 axis 0 -> 23
2025-03-27 12:32:00.905,1,Joystick #1 axis 0 -> 14266
2025-03-27 12:32:00.945,1,Joystick #1 axis 1 -> 9321
2025-03-27 12:32:00.986,1,Joystick #1 axis 0 -> 20812
2025-03-27 12:32:01.025,1,Joystick #1 axis 0 -> 1943
2025-03-27 12:32:01.399,1,Joystick #1 axis 0 -> -40
2025-03-27 12:32:01.439,1,Joystick #1 axis 0 -> -12683
2025-03-27 12:32:01.483,1,Joystick #1 axis 1 -> 5762
2025-03-27 12:32:01.522,1,Joystick #1 axis 0 -> -12027
2025-03-27 12:32:02.072,1,Joystick #1 axis 0 -> -24
2025-03-27 12:32:02.113,1,Joystick #1 axis 0 -> -6313
2025-03-27 12:32:02.154,1,Joystick #1 axis 0 -> -6265
2025-03-27 12:32:02.193,1,Joystick #1 axis 0 -> -4073
2025-03-27 12:32:02.323,1,Joystick #1 axis 0 -> -56
2025-03-27 12:32:02.363,1,Joystick #1 axis 0 -> -14523
2025-03-27 12:32:02.404,1,Joystick #1 axis 1 -> 5893
2025-03-27 12:32:02.443,1,Joystick #1 axis 0 -> -10138
2025-03-27 12:32:02.483,1,Joystick #1 axis 0 -> 7
2025-03-27 12:32:02.659,1,Joystick #1 axis 0 -> -168
2025-03-27 12:32:02.699,1,Joystick #1 axis 0 -> -12507
2025-03-27 12:32:02.739,1,Joystick #1 axis 0 -> -13595
2025-03-27 12:32:02.780,1,Joystick #1 axis 0 -> -5385
2025-03-27 12:32:03.689,1,Joystick #1 axis 0 -> 39
2025-03-27 12:32:03.775,1,Joystick #1 axis 0 -> 10249
2025-03-27 12:32:03.814,1,Joystick #1 axis 0 -> 17483
2025-03-27 12:32:03.859,1,Joystick #1 axis 1 -> 4180
2025-03-27 12:32:03.898,1,Joystick #1 axis 0 -> 9673
2025-03-27 12:32:04.260,1,Joystick #1 axis 0 -> -104
2025-03-27 12:32:04.300,1,Joystick #1 axis 0 -> -8522
2025-03-27 12:32:04.341,1,Joystick #1 axis 0 -> -15083
2025-03-27 12:32:04.381,1,Joystick #1 axis 1 -> 5667
2025-03-27 12:32:04.444,1,Joystick #1 axis 0 -> -15388
2025-03-27 12:32:04.483,1,Joystick #1 axis 1 -> 5667
2025-03-27 12:32:04.523,1,Joystick #1 axis 0 -> -17180
2025-03-27 12:32:04.563,1,Joystick #1 axis 0 -> -22365
2025-03-27 12:32:04.604,1,Joystick #1 axis 1 -> 4387
2025-03-27 12:32:04.643,1,Joystick #1 axis 0 -> -22509
2025-03-27 12:32:04.683,1,Joystick #1 axis 0 -> -10010
2025-03-27 12:32:04.806,1,Joystick #1 axis 0 -> 167
2025-03-27 12:32:04.846,1,Joystick #1 axis 0 -> 8617
2025-03-27 12:32:04.887,1,Joystick #1 axis 0 -> 24269
2025-03-27 12:32:04.928,1,Joystick #1 axis 0 -> 28301
2025-03-27 12:32:04.966,1,Joystick #1 axis 1 -> 8097
2025-03-27 12:32:05.175,1,Joystick #1 axis 0 -> 39
2025-03-27 12:32:05.215,1,Joystick #1 axis 0 -> 263
2025-03-27 12:32:05.256,1,Joystick #1 axis 0 -> 375
2025-03-27 12:32:05.295,1,Joystick #1 axis 0 -> 8089
2025-03-27 12:32:05.335,1,Joystick #1 axis 0 -> 27357
2025-03-27 12:32:05.376,1,Joystick #1 axis 0 -> 32558
2025-03-27 12:32:05.427,1,Joystick #1 axis 1 -> 9679
2025-03-27 12:32:05.467,1,Joystick #1 axis 0 -> 10441
2025-03-27 12:32:06.025,1,Joystick #1 axis 0 -> 23
2025-03-27 12:32:06.064,1,Joystick #1 axis 0 -> 21788
2025-03-27 12:32:06.106,1,Joystick #1 axis 1 -> 7984
2025-03-27 12:32:06.146,1,Joystick #1 axis 1 -> 6628
2025-03-27 12:32:06.187,1,Joystick #1 axis 0 -> 13194
2025-03-27 12:32:06.494,1,Joystick #1 axis 0 -> -120
2025-03-27 12:32:06.533,1,Joystick #1 axis 0 -> -12859
2025-03-27 12:32:06.575,1,Joystick #1 axis 1 -> 3445
2025-03-27 12:32:06.615,1,Joystick #1 axis 0 -> -12971
2025-03-27 12:32:06.910,1,Joystick #1 axis 0 -> -136
2025-03-27 12:32:06.951,1,Joystick #1 axis 0 -> -29231
2025-03-27 12:32:06.990,1,Joystick #1 axis 0 -> -16092
2025-03-27 12:32:07.106,1,Joystick #1 axis 1 -> 5799
2025-03-27 12:32:07.146,1,Joystick #1 axis 0 -> 5608
2025-03-27 12:32:07.193,1,Joystick #1 axis 0 -> 16443
2025-03-27 12:32:07.232,1,Joystick #1 axis 0 -> 28013
2025-03-27 12:32:07.273,1,Joystick #1 axis 0 -> 24461
2025-03-27 12:32:08.356,1,Joystick #1 axis 0 -> -88
2025-03-27 12:32:08.395,1,Joystick #1 axis 0 -> -12955
2025-03-27 12:32:08.439,1,Joystick #1 axis 1 -> 6119
2025-03-27 12:32:08.478,1,Joystick #1 axis 0 -> -11723
2025-03-27 12:32:09.000,1,Joystick #1 axis 0 -> -168
2025-03-27 12:32:09.039,1,Joystick #1 axis 0 -> -31167
2025-03-27 12:32:09.081,1,Joystick #1 axis 1 -> 3747
2025-03-27 12:32:09.124,1,Joystick #1 axis 1 -> 2673
2025-03-27 12:32:09.743,1,Joystick #1 axis 0 -> 103
2025-03-27 12:32:09.782,1,Joystick #1 axis 0 -> 18043
2025-03-27 12:32:09.822,1,Joystick #1 axis 1 -> 11016
2025-03-27 12:32:09.863,1,Joystick #1 axis 0 -> 29230
2025-03-27 12:32:10.040,1,Joystick #1 axis 0 -> 103
2025-03-27 12:32:10.080,1,Joystick #1 axis 0 -> 30398
2025-03-27 12:32:10.122,1,Joystick #1 axis 1 -> 12428
2025-03-27 12:32:10.167,1,Joystick #1 axis 1 -> 12202
2025-03-27 12:32:10.221,1,Joystick #1 axis 1 -> 12164
2025-03-27 12:32:10.267,1,Joystick #1 axis 0 -> 32334
2025-03-27 12:32:10.307,1,Joystick #1 axis 0 -> 6953
2025-03-27 12:32:10.754,1,Joystick #1 axis 0 -> -40
2025-03-27 12:32:10.794,1,Joystick #1 axis 0 -> -10987
2025-03-27 12:32:10.834,1,Joystick #1 axis 0 -> -28927
2025-03-27 12:32:10.883,1,Joystick #1 axis 1 -> 715
2025-03-27 12:32:10.922,1,Joystick #1 axis 0 -> -30239
2025-03-27 12:32:10.962,1,Joystick #1 axis 0 -> 7
2025-03-27 12:32:11.289,1,Joystick #1 axis 0 -> -152
2025-03-27 12:32:11.329,1,Joystick #1 axis 0 -> -3881
2025-03-27 12:32:11.370,1,Joystick #1 axis 0 -> -968
2025-03-27 12:32:11.410,1,Joystick #1 axis 0 -> -14059
2025-03-27 12:32:11.449,1,Joystick #1 axis 0 -> -17244
2025-03-27 12:32:11.490,1,Joystick #1 axis 0 -> -952
2025-03-27 12:32:12.008,1,Joystick #1 axis 0 -> -152
2025-03-27 12:32:12.062,1,Joystick #1 axis 0 -> -17260
2025-03-27 12:32:12.102,1,Joystick #1 axis 0 -> -25182
2025-03-27 12:32:12.141,1,Joystick #1 axis 0 -> -12747
2025-03-27 12:32:12.433,1,Joystick #1 axis 0 -> 23
2025-03-27 12:32:12.473,1,Joystick #1 axis 0 -> 7433
2025-03-27 12:32:12.512,1,Joystick #1 axis 0 -> 22796
2025-03-27 12:32:12.555,1,Joystick #1 axis 0 -> 26237
2025-03-27 12:32:12.595,1,Joystick #1 axis 0 -> 6585
2025-03-27 12:32:12.992,1,Joystick #1 axis 0 -> 135
2025-03-27 12:32:13.033,1,Joystick #1 axis 1 -> 5441
2025-03-27 12:32:13.074,1,Joystick #1 axis 0 -> 3624
2025-03-27 12:32:13.113,1,Joystick #1 axis 0 -> 391
2025-03-27 12:32:13.154,1,Joystick #1 axis 0 -> 2280
2025-03-27 12:32:13.195,1,Joystick #1 axis 0 -> 12138
2025-03-27 12:32:13.244,1,Joystick #1 axis 1 -> 5649
2025-03-27 12:32:13.284,1,Joystick #1 axis 0 -> 2504
2025-03-27 12:32:13.418,1,Joystick #1 axis 0 -> 39
2025-03-27 12:32:13.458,1,Joystick #1 axis 0 -> 24429
2025-03-27 12:32:13.499,1,Joystick #1 axis 1 -> 11204
2025-03-27 12:32:13.542,1,Joystick #1 axis 1 -> 10846
2025-03-27 12:32:13.582,1,Joystick #1 axis 0 -> 7257
2025-03-27 12:32:13.871,1,Joystick #1 axis 0 -> 39
2025-03-27 12:32:13.911,1,Joystick #1 axis 0 -> 32702
2025-03-27 12:32:13.983,1,Joystick #1 axis 1 -> 7117
2025-03-27 12:32:14.024,1,Joystick #1 axis 1 -> 7833
2025-03-27 12:32:14.065,1,Joystick #1 axis 5 -> -32768
2025-03-27 12:32:14.110,1,Joystick #1 axis 1 -> 9057
2025-03-27 12:32:14.149,1,Joystick #1 axis 1 -> 9264
2025-03-27 12:32:14.193,1,Joystick #1 axis 1 -> 9584
2025-03-27 12:32:14.245,1,Joystick #1 axis 0 -> 32606
2025-03-27 12:32:14.295,1,Joystick #1 axis 1 -> 9660
2025-03-27 12:32:14.338,1,Joystick #1 axis 1 -> 9980
2025-03-27 12:32:14.378,1,Joystick #1 axis 0 -> 32558
2025-03-27 12:32:14.418,1,Joystick #1 axis 1 -> 10978
2025-03-27 12:32:14.459,1,Joystick #1 axis 1 -> 11995
2025-03-27 12:32:14.506,1,Joystick #1 axis 1 -> 12183
2025-03-27 12:32:14.551,1,Joystick #1 axis 1 -> 12315
2025-03-27 12:32:14.591,1,Joystick #1 axis 1 -> 13050
2025-03-27 12:32:14.633,1,Joystick #1 axis 5 -> -32768
2025-03-27 12:32:14.673,1,Joystick #1 axis 1 -> 14387
2025-03-27 12:32:14.713,1,Joystick #1 axis 0 -> 31838
2025-03-27 12:32:14.753,1,Joystick #1 axis 0 -> 31710
2025-03-27 12:32:14.793,1,Joystick #1 axis 0 -> 31726
2025-03-27 12:32:14.833,1,Joystick #1 axis 1 -> 14857
2025-03-27 12:32:14.874,1,Joystick #1 axis 1 -> 12748
2025-03-27 12:32:14.914,1,Joystick #1 axis 0 -> 32270
2025-03-27 12:32:15.005,1,Joystick #1 axis 1 -> 12522
2025-03-27 12:32:15.048,1,Joystick #1 axis 0 -> 32286
2025-03-27 12:32:15.093,1,Joystick #1 axis 1 -> 12296
2025-03-27 12:32:15.138,1,Joystick #1 axis 1 -> 11637
2025-03-27 12:32:15.191,1,Joystick #1 axis 5 -> 32767
2025-03-27 12:32:15.246,1,Joystick #1 axis 0 -> 32398
2025-03-27 12:32:15.287,1,Joystick #1 axis 1 -> 11995
2025-03-27 12:32:15.334,1,Joystick #1 axis 1 -> 12183
2025-03-27 12:32:15.374,1,Joystick #1 axis 0 -> 32414
2025-03-27 12:32:15.414,1,Joystick #1 axis 0 -> 32638
2025-03-27 12:32:15.454,1,Joystick #1 axis 1 -> 8059
2025-03-27 12:32:15.494,1,Joystick #1 axis 1 -> 7306
2025-03-27 12:32:15.534,1,Joystick #1 axis 1 -> 6458
2025-03-27 12:32:15.575,1,Joystick #1 axis 1 -> 5215
2025-03-27 12:32:15.618,1,Joystick #1 axis 1 -> 5008
2025-03-27 12:32:15.658,1,Joystick #1 axis 1 -> 4519
2025-03-27 12:32:15.698,1,Joystick #1 axis 1 -> 4029
2025-03-27 12:32:15.738,1,Joystick #1 axis 0 -> 32574
2025-03-27 12:32:15.778,1,Joystick #1 axis 0 -> 31822
2025-03-27 12:32:15.820,1,Joystick #1 axis 1 -> -6384
2025-03-27 12:32:15.869,1,Joystick #1 axis 1 -> -6497
2025-03-27 12:32:15.909,1,Joystick #1 axis 0 -> 30830
2025-03-27 12:32:15.949,1,Joystick #1 axis 0 -> 29886
2025-03-27 12:32:15.991,1,Joystick #1 axis 0 -> 27037
2025-03-27 12:32:16.032,1,Joystick #1 axis 0 -> 24365
2025-03-27 12:32:16.074,1,Joystick #1 axis 0 -> 17499
2025-03-27 12:32:16.114,1,Joystick #1 axis 0 -> 1271
2025-03-27 12:32:16.313,1,Joystick #1 axis 0 -> 199
2025-03-27 12:32:16.356,1,Joystick #1 axis 0 -> 32526
2025-03-27 12:32:16.466,1,Joystick #1 axis 1 -> 9923
2025-03-27 12:32:16.603,1,Joystick #1 axis 1 -> 9886
2025-03-27 12:32:16.782,1,Joystick #1 axis 1 -> 9942
2025-03-27 12:32:16.822,1,Joystick #1 axis 0 -> 32558
2025-03-27 12:32:16.862,1,Joystick #1 axis 1 -> 9057
2025-03-27 12:32:16.902,1,Joystick #1 axis 0 -> 23820
2025-03-27 12:32:17.532,1,Joystick #1 axis 0 -> 55
2025-03-27 12:32:17.572,1,Joystick #1 axis 0 -> 3080
2025-03-27 12:32:17.612,1,Joystick #1 axis 0 -> 22140
2025-03-27 12:32:17.664,1,Joystick #1 axis 1 -> 9434
2025-03-27 12:32:17.710,1,Joystick #1 axis 1 -> 9264
2025-03-27 12:32:17.756,1,Joystick #1 axis 1 -> 9189
2025-03-27 12:32:17.808,1,Joystick #1 axis 0 -> 22380
2025-03-27 12:32:18.414,1,Joystick #1 axis 0 -> -104
2025-03-27 12:32:18.455,1,Joystick #1 axis 0 -> -16460
2025-03-27 12:32:18.495,1,Joystick #1 axis 0 -> -25118
2025-03-27 12:32:18.535,1,Joystick #1 axis 0 -> -24222
2025-03-27 12:32:18.575,1,Joystick #1 axis 0 -> -6505
2025-03-27 12:32:18.805,1,Joystick #1 axis 4 -> 32767
2025-03-27 12:32:18.845,1,Joystick #1 axis 0 -> -11547
2025-03-27 12:32:18.885,1,Joystick #1 axis 0 -> -23565
2025-03-27 12:32:18.925,1,Joystick #1 axis 1 -> -6309
2025-03-27 12:32:18.965,1,Joystick #1 axis 0 -> -18460
2025-03-27 12:32:19.005,1,Joystick #1 axis 0 -> -4105
2025-03-27 12:32:19.064,1,Joystick #1 axis 4 -> -32768
2025-03-27 12:32:19.604,1,Joystick #1 axis 4 -> 32767
2025-03-27 12:32:19.660,1,Joystick #1 axis 0 -> -280
2025-03-27 12:32:19.702,1,Joystick #1 axis 1 -> -960
2025-03-27 12:32:19.748,1,Joystick #1 axis 1 -> -1281
2025-03-27 12:32:19.789,1,Joystick #1 axis 1 -> -1450
2025-03-27 12:32:19.835,1,Joystick #1 axis 1 -> -1563
2025-03-27 12:32:19.874,1,Joystick #1 axis 1 -> -1450
2025-03-27 12:32:19.915,1,Joystick #1 axis 1 -> -1149
2025-03-27 12:32:19.955,1,Joystick #1 axis 0 -> -32255
2025-03-27 12:32:19.997,1,Joystick #1 axis 0 -> -32351
2025-03-27 12:32:20.060,1,Joystick #1 axis 1 -> -169
2025-03-27 12:32:20.108,1,Joystick #1 axis 0 -> -32399
2025-03-27 12:32:20.154,1,Joystick #1 axis 0 -> -32415
2025-03-27 12:32:20.195,1,Joystick #1 axis 1 -> -1
2025-03-27 12:32:20.235,1,Joystick #1 axis 1 -> -942
2025-03-27 12:32:20.275,1,Joystick #1 axis 0 -> -31855
2025-03-27 12:32:20.315,1,Joystick #1 axis 0 -> 935
2025-03-27 12:32:20.355,1,Joystick #1 axis 0 -> 22876
2025-03-27 12:32:20.406,1,Joystick #1 axis 1 -> 3012
2025-03-27 12:32:20.456,1,Joystick #1 axis 1 -> 3069
2025-03-27 12:32:20.496,1,Joystick #1 axis 1 -> 3144
2025-03-27 12:32:20.991,1,Joystick #1 axis 0 -> 167
2025-03-27 12:32:21.032,1,Joystick #1 axis 0 -> 17019
2025-03-27 12:32:21.072,1,Joystick #1 axis 0 -> 27549
2025-03-27 12:32:21.112,1,Joystick #1 axis 0 -> 30878
2025-03-27 12:32:21.152,1,Joystick #1 axis 0 -> 29310
2025-03-27 12:32:21.192,1,Joystick #1 axis 0 -> 407
2025-03-27 12:32:21.365,1,Joystick #1 axis 0 -> -168
2025-03-27 12:32:21.405,1,Joystick #1 axis 0 -> -15420
2025-03-27 12:32:21.447,1,Joystick #1 axis 0 -> -28094
2025-03-27 12:32:21.508,1,Joystick #1 axis 1 -> 6534
2025-03-27 12:32:21.548,1,Joystick #1 axis 0 -> -21021
2025-03-27 12:32:22.114,1,Joystick #1 axis 0 -> -248
2025-03-27 12:32:22.154,1,Joystick #1 axis 0 -> -13611
2025-03-27 12:32:22.195,1,Joystick #1 axis 0 -> -16092
2025-03-27 12:32:22.236,1,Joystick #1 axis 0 -> -11899
2025-03-27 12:32:22.648,1,Joystick #1 axis 0 -> -216
2025-03-27 12:32:22.691,1,Joystick #1 axis 1 -> 9076
2025-03-27 12:32:22.731,1,Joystick #1 axis 1 -> 9641
2025-03-27 12:32:22.796,1,Joystick #1 axis 1 -> 9886
2025-03-27 12:32:22.837,1,Joystick #1 axis 1 -> 9999
2025-03-27 12:32:22.877,1,Joystick #1 axis 0 -> -32255
2025-03-27 12:32:22.918,1,Joystick #1 axis 1 -> 13614
2025-03-27 12:32:22.979,1,Joystick #1 axis 0 -> -32047
2025-03-27 12:32:23.023,1,Joystick #1 axis 1 -> 13746
2025-03-27 12:32:23.065,1,Joystick #1 axis 1 -> 13690
2025-03-27 12:32:23.105,1,Joystick #1 axis 0 -> -32319
2025-03-27 12:32:23.145,1,Joystick #1 axis 0 -> -32559
2025-03-27 12:32:23.189,1,Joystick #1 axis 0 -> -32575
2025-03-27 12:32:23.229,1,Joystick #1 axis 1 -> 9792
2025-03-27 12:32:23.271,1,Joystick #1 axis 0 -> -13195
2025-03-27 12:32:23.312,1,Joystick #1 axis 0 -> 55
2025-03-27 12:32:23.491,1,Joystick #1 axis 0 -> -88
2025-03-27 12:32:23.531,1,Joystick #1 axis 1 -> 8756
2025-03-27 12:32:23.571,1,Joystick #1 axis 1 -> 9905
2025-03-27 12:32:23.614,1,Joystick #1 axis 1 -> 10959
2025-03-27 12:32:23.673,1,Joystick #1 axis 1 -> 10940
2025-03-27 12:32:23.713,1,Joystick #1 axis 1 -> 7117
2025-03-27 12:32:23.753,1,Joystick #1 axis 0 -> -15243
2025-03-27 12:32:23.793,1,Joystick #1 axis 0 -> -9978
2025-03-27 12:32:23.888,1,Joystick #1 axis 0 -> -104
2025-03-27 12:32:23.929,1,Joystick #1 axis 0 -> -32271
2025-03-27 12:32:23.976,1,Joystick #1 axis 1 -> 12277
2025-03-27 12:32:24.017,1,Joystick #1 axis 1 -> 11411
2025-03-27 12:32:24.066,1,Joystick #1 axis 1 -> 11053
2025-03-27 12:32:24.105,1,Joystick #1 axis 0 -> -32399
2025-03-27 12:32:24.159,1,Joystick #1 axis 5 -> -32768
2025-03-27 12:32:24.223,1,Joystick #1 axis 5 -> 32767
2025-03-27 12:32:24.767,1,Joystick #1 axis 0 -> 71
2025-03-27 12:32:24.808,1,Joystick #1 axis 0 -> 11626
2025-03-27 12:32:24.848,1,Joystick #1 axis 0 -> 15803
2025-03-27 12:32:24.889,1,Joystick #1 axis 0 -> 10009
2025-03-27 12:32:26.644,1,Joystick #1 axis 4 -> 32767
2025-03-27 12:32:26.685,1,Joystick #1 axis 0 -> 2264
2025-03-27 12:32:26.725,1,Joystick #1 axis 1 -> 7720
2025-03-27 12:32:26.765,1,Joystick #1 axis 1 -> 4839
2025-03-27 12:32:26.806,1,Joystick #1 axis 1 -> 3031
2025-03-27 12:32:26.851,1,Joystick #1 axis 1 -> 2560
2025-03-27 12:32:26.905,1,Joystick #1 axis 0 -> 32654
2025-03-27 12:32:26.944,1,Joystick #1 axis 1 -> 2767
2025-03-27 12:32:26.984,1,Joystick #1 axis 1 -> 6402
2025-03-27 12:32:27.038,1,Joystick #1 axis 1 -> 6967
2025-03-27 12:32:27.082,1,Joystick #1 axis 1 -> 6797
2025-03-27 12:32:27.122,1,Joystick #1 axis 1 -> 6967
2025-03-27 12:32:27.162,1,Joystick #1 axis 0 -> 455
2025-03-27 12:32:27.617,1,Joystick #1 axis 5 -> 32767
2025-03-27 12:32:27.669,1,Joystick #1 axis 0 -> -2585
2025-03-27 12:32:27.708,1,Joystick #1 axis 1 -> 7381
2025-03-27 12:32:27.748,1,Joystick #1 axis 1 -> 6289
2025-03-27 12:32:27.814,1,Joystick #1 axis 1 -> 5328
2025-03-27 12:32:27.867,1,Joystick #1 axis 1 -> 5328
2025-03-27 12:32:27.908,1,Joystick #1 axis 0 -> -16076
2025-03-27 12:32:28.184,1,Joystick #1 axis 0 -> 87
2025-03-27 12:32:28.224,1,Joystick #1 axis 0 -> 24685
2025-03-27 12:32:28.266,1,Joystick #1 axis 1 -> 5969
2025-03-27 12:32:28.312,1,Joystick #1 axis 1 -> 6364
2025-03-27 12:32:28.352,1,Joystick #1 axis 1 -> 6760
2025-03-27 12:32:28.394,1,Joystick #1 axis 1 -> 7833
2025-03-27 12:32:28.434,1,Joystick #1 axis 1 -> 8342
2025-03-27 12:32:28.593,1,Joystick #1 axis 0 -> 32286
2025-03-27 12:32:28.686,1,Joystick #1 axis 1 -> 12466
2025-03-27 12:32:28.846,1,Joystick #1 axis 1 -> 12503
2025-03-27 12:32:28.908,1,Joystick #1 axis 1 -> 12503
2025-03-27 12:32:29.065,1,Joystick #1 axis 1 -> 12485
2025-03-27 12:32:29.203,1,Joystick #1 axis 1 -> 12522
2025-03-27 12:32:29.261,1,Joystick #1 axis 1 -> 12522
2025-03-27 12:32:29.306,1,Joystick #1 axis 1 -> 12654
2025-03-27 12:32:29.346,1,Joystick #1 axis 0 -> 32206
2025-03-27 12:32:29.390,1,Joystick #1 axis 0 -> 32190
2025-03-27 12:32:29.429,1,Joystick #1 axis 0 -> 32078
2025-03-27 12:32:29.469,1,Joystick #1 axis 0 -> 31902
2025-03-27 12:32:29.510,1,Joystick #1 axis 0 -> 31806
2025-03-27 12:32:29.556,1,Joystick #1 axis 1 -> 15328
2025-03-27 12:32:29.600,1,Joystick #1 axis 1 -> 15535
2025-03-27 12:32:29.661,1,Joystick #1 axis 1 -> 15535
2025-03-27 12:32:29.714,1,Joystick #1 axis 1 -> 15554
2025-03-27 12:32:29.834,1,Joystick #1 axis 0 -> 31694
2025-03-27 12:32:29.899,1,Joystick #1 axis 0 -> 31694
2025-03-27 12:32:29.974,1,Joystick #1 axis 1 -> 15592
2025-03-27 12:32:30.132,1,Joystick #1 axis 0 -> 31710
2025-03-27 12:32:30.185,1,Joystick #1 axis 0 -> 31710
2025-03-27 12:32:30.242,1,Joystick #1 axis 1 -> 15535
2025-03-27 12:32:30.281,1,Joystick #1 axis 0 -> 31726
2025-03-27 12:32:30.321,1,Joystick #1 axis 1 -> 15234
2025-03-27 12:32:30.366,1,Joystick #1 axis 1 -> 12146
2025-03-27 12:32:30.406,1,Joystick #1 axis 0 -> 19868
2025-03-27 12:32:30.824,1,Joystick #1 axis 0 -> 103
2025-03-27 12:32:30.864,1,Joystick #1 axis 0 -> 3864
2025-03-27 12:32:30.927,1,Joystick #1 axis 1 -> 11091
2025-03-27 12:32:30.992,1,Joystick #1 axis 1 -> 11147
2025-03-27 12:32:31.048,1,Joystick #1 axis 1 -> 11204
2025-03-27 12:32:31.107,1,Joystick #1 axis 1 -> 11260
2025-03-27 12:32:31.178,1,Joystick #1 axis 1 -> 11279
2025-03-27 12:32:31.223,1,Joystick #1 axis 1 -> 11317
2025-03-27 12:32:31.330,1,Joystick #1 axis 1 -> 11298
2025-03-27 12:32:31.414,1,Joystick #1 axis 0 -> 32446
2025-03-27 12:32:31.455,1,Joystick #1 axis 1 -> 9961
2025-03-27 12:32:31.497,1,Joystick #1 axis 0 -> 8217
2025-03-27 12:32:31.667,1,Joystick #1 axis 0 -> 39
2025-03-27 12:32:31.707,1,Joystick #1 axis 0 -> 5416
2025-03-27 12:32:31.747,1,Joystick #1 axis 0 -> 28333
2025-03-27 12:32:31.805,1,Joystick #1 axis 1 -> 10884
2025-03-27 12:32:31.860,1,Joystick #1 axis 0 -> 32494
2025-03-27 12:32:31.901,1,Joystick #1 axis 1 -> 10545
2025-03-27 12:32:31.951,1,Joystick #1 axis 1 -> 10470
2025-03-27 12:32:32.018,1,Joystick #1 axis 1 -> 10507
2025-03-27 12:32:32.061,1,Joystick #1 axis 1 -> 10733
2025-03-27 12:32:32.126,1,Joystick #1 axis 1 -> 10809
2025-03-27 12:32:32.171,1,Joystick #1 axis 1 -> 10922
2025-03-27 12:32:32.241,1,Joystick #1 axis 1 -> 11053
2025-03-27 12:32:32.281,1,Joystick #1 axis 0 -> 32430
2025-03-27 12:32:32.322,1,Joystick #1 axis 0 -> 32446
2025-03-27 12:32:32.363,1,Joystick #1 axis 1 -> 10696
2025-03-27 12:32:32.404,1,Joystick #1 axis 1 -> 10394
2025-03-27 12:32:32.444,1,Joystick #1 axis 0 -> 32542
2025-03-27 12:32:32.486,1,Joystick #1 axis 0 -> 711
2025-03-27 12:32:32.626,1,Joystick #1 axis 0 -> -88
2025-03-27 12:32:32.666,1,Joystick #1 axis 0 -> -9962
2025-03-27 12:32:32.706,1,Joystick #1 axis 0 -> -18348
2025-03-27 12:32:32.746,1,Joystick #1 axis 0 -> -28334
2025-03-27 12:32:32.787,1,Joystick #1 axis 0 -> -23533
2025-03-27 12:32:33.649,1,Joystick #1 axis 0 -> -312
2025-03-27 12:32:33.689,1,Joystick #1 axis 0 -> -29471
2025-03-27 12:32:33.731,1,Joystick #1 axis 1 -> 1675
2025-03-27 12:32:33.772,1,Joystick #1 axis 0 -> -25646
2025-03-27 12:32:34.885,1,Joystick #1 axis 0 -> -24
2025-03-27 12:32:34.926,1,Joystick #1 axis 0 -> -18892
2025-03-27 12:32:34.966,1,Joystick #1 axis 0 -> -25374
2025-03-27 12:32:35.006,1,Joystick #1 axis 0 -> -23789
2025-03-27 12:32:35.212,1,Joystick #1 axis 0 -> -152
2025-03-27 12:32:35.254,1,Joystick #1 axis 0 -> -19709
2025-03-27 12:32:35.293,1,Joystick #1 axis 1 -> 8304
2025-03-27 12:32:35.333,1,Joystick #1 axis 1 -> 8681
2025-03-27 12:32:35.380,1,Joystick #1 axis 1 -> 8793
2025-03-27 12:32:35.420,1,Joystick #1 axis 0 -> -1752
2025-03-27 12:32:35.593,1,Joystick #1 axis 0 -> -24
2025-03-27 12:32:35.633,1,Joystick #1 axis 0 -> -32719
2025-03-27 12:32:35.676,1,Joystick #1 axis 1 -> 8247
2025-03-27 12:32:35.717,1,Joystick #1 axis 1 -> 8850
2025-03-27 12:32:35.773,1,Joystick #1 axis 1 -> 8944
2025-03-27 12:32:35.812,1,Joystick #1 axis 1 -> 8247
2025-03-27 12:32:35.861,1,Joystick #1 axis 1 -> 8078
2025-03-27 12:32:35.901,1,Joystick #1 axis 1 -> 8681
2025-03-27 12:32:35.941,1,Joystick #1 axis 0 -> -13931
2025-03-27 12:32:36.035,1,Joystick #1 axis 0 -> -40
2025-03-27 12:32:36.076,1,Joystick #1 axis 0 -> -1928
2025-03-27 12:32:36.116,1,Joystick #1 axis 0 -> -10570
2025-03-27 12:32:36.171,1,Joystick #1 axis 1 -> 11957
2025-03-27 12:32:36.211,1,Joystick #1 axis 0 -> -30959
2025-03-27 12:32:36.396,1,Joystick #1 axis 0 -> 151
2025-03-27 12:32:36.441,1,Joystick #1 axis 0 -> 17707
2025-03-27 12:32:36.481,1,Joystick #1 axis 0 -> 21676
2025-03-27 12:32:36.520,1,Joystick #1 axis 0 -> 25517
2025-03-27 12:32:36.560,1,Joystick #1 axis 1 -> 9622
2025-03-27 12:32:36.600,1,Joystick #1 axis 0 -> 29038
2025-03-27 12:32:36.850,1,Joystick #1 axis 0 -> -24
2025-03-27 12:32:36.892,1,Joystick #1 axis 0 -> -16844
2025-03-27 12:32:36.940,1,Joystick #1 axis 1 -> 4971
2025-03-27 12:32:36.992,1,Joystick #1 axis 1 -> 5649
2025-03-27 12:32:37.032,1,Joystick #1 axis 0 -> -18460
2025-03-27 12:32:37.072,1,Joystick #1 axis 0 -> -184
2025-03-27 12:32:37.390,1,Joystick #1 axis 0 -> -104
2025-03-27 12:32:37.430,1,Joystick #1 axis 0 -> -2857
2025-03-27 12:32:37.555,1,Joystick #1 axis 0 -> -104
2025-03-27 12:32:37.595,1,Joystick #1 axis 0 -> -10858
2025-03-27 12:32:37.636,1,Joystick #1 axis 0 -> -25486
2025-03-27 12:32:37.676,1,Joystick #1 axis 0 -> -18348
2025-03-27 12:32:37.962,1,Joystick #1 axis 0 -> 103
2025-03-27 12:32:38.011,1,Joystick #1 axis 1 -> 5121
2025-03-27 12:32:38.051,1,Joystick #1 axis 0 -> 903
2025-03-27 12:32:38.899,1,Joystick #1 axis 0 -> 39
2025-03-27 12:32:38.952,1,Joystick #1 axis 0 -> 343
2025-03-27 12:32:38.998,1,Joystick #1 axis 0 -> 439
2025-03-27 12:32:39.058,1,Joystick #1 axis 1 -> 5630
2025-03-27 12:32:39.223,1,Joystick #1 axis 0 -> 6969
2025-03-27 12:32:39.262,1,Joystick #1 axis 1 -> 2861
2025-03-27 12:32:39.303,1,Joystick #1 axis 0 -> 3752
2025-03-27 12:32:41.816,1,Joystick #1 axis 0 -> 55
2025-03-27 12:32:41.859,1,Joystick #1 axis 0 -> 3528
2025-03-27 12:32:41.899,1,Joystick #1 axis 0 -> 6456
2025-03-27 12:32:41.939,1,Joystick #1 axis 0 -> 4120
2025-03-27 12:32:43.197,1,Joystick #1 axis 0 -> 71
2025-03-27 12:32:43.240,1,Joystick #1 axis 0 -> 2728
2025-03-27 12:32:43.279,1,Joystick #1 axis 0 -> 9897
2025-03-27 12:32:43.323,1,Joystick #1 axis 1 -> 3954
2025-03-27 12:32:43.362,1,Joystick #1 axis 0 -> 4536
2025-03-27 12:32:43.597,1,Joystick #1 axis 0 -> 39
2025-03-27 12:32:43.641,1,Joystick #1 axis 0 -> 3240
2025-03-27 12:32:46.356,1,Joystick #1 axis 0 -> -40
2025-03-27 12:32:46.396,1,Joystick #1 axis 0 -> -8074
2025-03-27 12:32:46.438,1,Joystick #1 axis 0 -> -9562
2025-03-27 12:32:46.478,1,Joystick #1 axis 0 -> -3817
2025-03-27 12:32:47.184,1,Joystick #1 axis 0 -> -72
2025-03-27 12:32:47.224,1,Joystick #1 axis 0 -> -8010
2025-03-27 12:32:47.265,1,Joystick #1 axis 0 -> -8474
2025-03-27 12:32:48.335,1,Joystick #1 axis 0 -> 23
2025-03-27 12:32:48.376,1,Joystick #1 axis 1 -> 5215
2025-03-27 12:32:48.416,1,Joystick #1 axis 0 -> 2472
2025-03-27 12:32:48.455,1,Joystick #1 axis 0 -> 3112
2025-03-27 12:32:48.499,1,Joystick #1 axis 1 -> 4406
2025-03-27 12:32:48.541,1,Joystick #1 axis 0 -> 3160
2025-03-27 12:32:48.580,1,Joystick #1 axis 0 -> 5608
2025-03-27 12:32:48.620,1,Joystick #1 axis 0 -> 8201
2025-03-27 12:32:48.660,1,Joystick #1 axis 0 -> 12186
2025-03-27 12:32:48.727,1,Joystick #1 axis 1 -> 4613
2025-03-27 12:32:48.766,1,Joystick #1 axis 0 -> 3816
2025-03-27 12:32:49.446,1,Joystick #1 axis 0 -> -24
2025-03-27 12:32:49.496,1,Joystick #1 axis 0 -> -936
2025-03-27 12:32:49.612,1,Joystick #1 axis 0 -> 7
2025-03-27 12:32:49.955,1,Joystick #1 axis 1 -> 5799
2025-03-27 12:32:49.995,1,Joystick #1 axis 0 -> 31902
2025-03-27 12:32:50.044,1,Joystick #1 axis 1 -> 14594
2025-03-27 12:32:50.101,1,Joystick #1 axis 1 -> 14161
2025-03-27 12:32:50.170,1,Joystick #1 axis 1 -> 14217
2025-03-27 12:32:50.211,1,Joystick #1 axis 0 -> 32078
2025-03-27 12:32:50.250,1,Joystick #1 axis 0 -> 26797
2025-03-27 12:32:50.291,1,Joystick #1 axis 0 -> 855
2025-03-27 12:32:50.330,1,Joystick #1 axis 0 -> 3880
2025-03-27 12:32:50.371,1,Joystick #1 axis 0 -> 9625
2025-03-27 12:32:50.410,1,Joystick #1 axis 0 -> 22892
2025-03-27 12:32:50.451,1,Joystick #1 axis 1 -> 11694
2025-03-27 12:32:50.491,1,Joystick #1 axis 1 -> 9603
2025-03-27 12:32:50.532,1,Joystick #1 axis 1 -> 9302
2025-03-27 12:32:50.598,1,Joystick #1 axis 5 -> -32768
2025-03-27 12:32:50.912,1,Joystick #1 axis 5 -> 32767
2025-03-27 12:32:50.972,1,Joystick #1 axis 0 -> 119
2025-03-27 12:32:51.011,1,Joystick #1 axis 1 -> 7193
2025-03-27 12:32:51.052,1,Joystick #1 axis 1 -> 6138
2025-03-27 12:32:51.093,1,Joystick #1 axis 1 -> 6119
2025-03-27 12:32:51.140,1,Joystick #1 axis 1 -> 6251
2025-03-27 12:32:51.232,1,Joystick #1 axis 1 -> 6251
2025-03-27 12:32:51.273,1,Joystick #1 axis 1 -> 6044
2025-03-27 12:32:51.313,1,Joystick #1 axis 0 -> 32734
2025-03-27 12:32:51.353,1,Joystick #1 axis 0 -> 3096
2025-03-27 12:32:51.691,1,Joystick #1 axis 5 -> 32767
2025-03-27 12:32:52.002,1,Joystick #1 axis 5 -> 32767
2025-03-27 12:32:52.042,1,Joystick #1 axis 0 -> 9273
2025-03-27 12:32:52.082,1,Joystick #1 axis 1 -> 3784
2025-03-27 12:32:52.130,1,Joystick #1 axis 1 -> 2522
2025-03-27 12:32:52.172,1,Joystick #1 axis 1 -> 2692
2025-03-27 12:32:52.211,1,Joystick #1 axis 1 -> 3916
2025-03-27 12:32:52.272,1,Joystick #1 axis 1 -> 4217
2025-03-27 12:32:52.312,1,Joystick #1 axis 1 -> 4274
2025-03-27 12:32:52.356,1,Joystick #1 axis 1 -> 5780
2025-03-27 12:32:52.395,1,Joystick #1 axis 1 -> 6458
2025-03-27 12:32:52.438,1,Joystick #1 axis 0 -> 31406
2025-03-27 12:32:52.890,1,Joystick #1 axis 0 -> 247
2025-03-27 12:32:52.930,1,Joystick #1 axis 0 -> 32654
2025-03-27 12:32:52.974,1,Joystick #1 axis 1 -> 8492
2025-03-27 12:32:53.014,1,Joystick #1 axis 1 -> 7400
2025-03-27 12:32:53.109,1,Joystick #1 axis 1 -> 6628
2025-03-27 12:32:53.150,1,Joystick #1 axis 1 -> 6835
2025-03-27 12:32:53.191,1,Joystick #1 axis 1 -> 7682
2025-03-27 12:32:53.264,1,Joystick #1 axis 1 -> 8134
2025-03-27 12:32:53.306,1,Joystick #1 axis 1 -> 8153
2025-03-27 12:32:53.346,1,Joystick #1 axis 1 -> 8662
2025-03-27 12:32:53.387,1,Joystick #1 axis 1 -> 9340
2025-03-27 12:32:53.429,1,Joystick #1 axis 1 -> 9679
2025-03-27 12:32:53.470,1,Joystick #1 axis 1 -> 10074
2025-03-27 12:32:53.511,1,Joystick #1 axis 1 -> 10451
2025-03-27 12:32:53.553,1,Joystick #1 axis 1 -> 10507
2025-03-27 12:32:53.592,1,Joystick #1 axis 0 -> 32494
2025-03-27 12:32:53.638,1,Joystick #1 axis 1 -> 11072
2025-03-27 12:32:53.688,1,Joystick #1 axis 0 -> 32446
2025-03-27 12:32:53.730,1,Joystick #1 axis 1 -> 11392
2025-03-27 12:32:53.772,1,Joystick #1 axis 1 -> 11599
2025-03-27 12:32:53.813,1,Joystick #1 axis 0 -> 32222
2025-03-27 12:32:53.853,1,Joystick #1 axis 1 -> 13690
2025-03-27 12:32:53.894,1,Joystick #1 axis 1 -> 13690
2025-03-27 12:32:53.994,1,Joystick #1 axis 1 -> 13652
2025-03-27 12:32:54.037,1,Joystick #1 axis 1 -> 13577
2025-03-27 12:32:54.082,1,Joystick #1 axis 1 -> 13351
2025-03-27 12:32:54.133,1,Joystick #1 axis 1 -> 13294
2025-03-27 12:32:54.203,1,Joystick #1 axis 1 -> 13275
2025-03-27 12:32:54.279,1,Joystick #1 axis 0 -> 32158
2025-03-27 12:32:54.321,1,Joystick #1 axis 0 -> 32206
2025-03-27 12:32:54.360,1,Joystick #1 axis 0 -> 32382
2025-03-27 12:32:54.400,1,Joystick #1 axis 1 -> 9848
2025-03-27 12:32:54.448,1,Joystick #1 axis 1 -> 9547
2025-03-27 12:32:54.488,1,Joystick #1 axis 1 -> 9095
2025-03-27 12:32:54.528,1,Joystick #1 axis 1 -> 6496
2025-03-27 12:32:54.567,1,Joystick #1 axis 1 -> 5084
2025-03-27 12:32:54.608,1,Joystick #1 axis 1 -> 3954
2025-03-27 12:32:54.648,1,Joystick #1 axis 1 -> 3784
2025-03-27 12:32:54.694,1,Joystick #1 axis 1 -> 3860
2025-03-27 12:32:54.735,1,Joystick #1 axis 1 -> 3483
2025-03-27 12:32:54.775,1,Joystick #1 axis 1 -> 2748
2025-03-27 12:32:54.814,1,Joystick #1 axis 0 -> 32558
2025-03-27 12:32:54.857,1,Joystick #1 axis 0 -> 30254
2025-03-27 12:32:55.023,1,Joystick #1 axis 0 -> -56
2025-03-27 12:32:55.066,1,Joystick #1 axis 1 -> 7004
2025-03-27 12:32:55.115,1,Joystick #1 axis 1 -> 6590
2025-03-27 12:32:55.155,1,Joystick #1 axis 1 -> 4462
2025-03-27 12:32:55.194,1,Joystick #1 axis 0 -> -16332
2025-03-27 12:32:55.472,1,Joystick #1 axis 0 -> -152
2025-03-27 12:32:55.511,1,Joystick #1 axis 0 -> -13995
2025-03-27 12:32:55.551,1,Joystick #1 axis 0 -> -13483
2025-03-27 12:32:55.592,1,Joystick #1 axis 1 -> 7946
2025-03-27 12:32:55.633,1,Joystick #1 axis 0 -> -13675
2025-03-27 12:32:55.673,1,Joystick #1 axis 0 -> -6746
2025-03-27 12:32:56.839,1,Joystick #1 axis 0 -> 87
2025-03-27 12:32:56.879,1,Joystick #1 axis 0 -> 3736
2025-03-27 12:32:56.922,1,Joystick #1 axis 0 -> 15915
2025-03-27 12:32:56.961,1,Joystick #1 axis 1 -> 6006
2025-03-27 12:32:57.002,1,Joystick #1 axis 1 -> 4858
2025-03-27 12:32:57.041,1,Joystick #1 axis 1 -> 2993
2025-03-27 12:32:57.083,1,Joystick #1 axis 0 -> 4232
2025-03-27 12:32:57.712,1,Joystick #1 axis 0 -> -24
2025-03-27 12:32:57.752,1,Joystick #1 axis 0 -> -9002
2025-03-27 12:32:57.791,1,Joystick #1 axis 0 -> -14939
2025-03-27 12:32:57.831,1,Joystick #1 axis 0 -> -13051
2025-03-27 12:32:58.468,1,Joystick #1 axis 0 -> 103
2025-03-27 12:32:58.509,1,Joystick #1 axis 0 -> 4824
2025-03-27 12:32:58.549,1,Joystick #1 axis 1 -> 5592
2025-03-27 12:32:58.589,1,Joystick #1 axis 0 -> 7
2025-03-27 12:32:58.936,1,Joystick #1 axis 0 -> 39
2025-03-27 12:32:58.976,1,Joystick #1 axis 0 -> 1447
2025-03-27 12:32:59.016,1,Joystick #1 axis 0 -> 12314
2025-03-27 12:32:59.056,1,Joystick #1 axis 0 -> 32638
2025-03-27 12:32:59.096,1,Joystick #1 axis 1 -> 8775
2025-03-27 12:32:59.138,1,Joystick #1 axis 0 -> 16715
2025-03-27 12:32:59.358,1,Joystick #1 axis 0 -> 71
2025-03-27 12:32:59.397,1,Joystick #1 axis 0 -> 5208
2025-03-27 12:32:59.438,1,Joystick #1 axis 0 -> 24845
2025-03-27 12:32:59.478,1,Joystick #1 axis 0 -> 25469
2025-03-27 12:32:59.517,1,Joystick #1 axis 0 -> 13626
2025-03-27 12:32:59.741,1,Joystick #1 axis 0 -> 167
2025-03-27 12:32:59.780,1,Joystick #1 axis 0 -> 14906
2025-03-27 12:32:59.820,1,Joystick #1 axis 0 -> 32366
2025-03-27 12:32:59.865,1,Joystick #1 axis 1 -> 9095
2025-03-27 12:32:59.906,1,Joystick #1 axis 1 -> 8360
2025-03-27 12:32:59.945,1,Joystick #1 axis 0 -> 30894
2025-03-27 12:32:59.988,1,Joystick #1 axis 1 -> 6797
2025-03-27 12:33:00.103,1,Joystick #1 axis 0 -> 11962
2025-03-27 12:33:00.147,1,Joystick #1 axis 1 -> 11562
2025-03-27 12:33:00.186,1,Joystick #1 axis 1 -> 10620
2025-03-27 12:33:00.227,1,Joystick #1 axis 1 -> 8831
2025-03-27 12:33:00.266,1,Joystick #1 axis 0 -> 6985
2025-03-27 12:33:00.348,1,Joystick #1 axis 0 -> 87
2025-03-27 12:33:00.389,1,Joystick #1 axis 0 -> 5384
2025-03-27 12:33:00.428,1,Joystick #1 axis 0 -> 423
2025-03-27 12:33:00.569,1,Joystick #1 axis 0 -> 151
2025-03-27 12:33:00.613,1,Joystick #1 axis 0 -> 19595
2025-03-27 12:33:00.657,1,Joystick #1 axis 0 -> 32190
2025-03-27 12:33:00.702,1,Joystick #1 axis 1 -> 13050
2025-03-27 12:33:00.819,1,Joystick #1 axis 1 -> 12993
2025-03-27 12:33:00.873,1,Joystick #1 axis 1 -> 13031
2025-03-27 12:33:00.947,1,Joystick #1 axis 1 -> 13050
2025-03-27 12:33:01.041,1,Joystick #1 axis 1 -> 13050
2025-03-27 12:33:01.080,1,Joystick #1 axis 0 -> 32254
2025-03-27 12:33:01.122,1,Joystick #1 axis 0 -> 5480
2025-03-27 12:33:02.464,1,Joystick #1 axis 0 -> -8
2025-03-27 12:33:02.505,1,Joystick #1 axis 0 -> -12523
2025-03-27 12:33:02.545,1,Joystick #1 axis 0 -> -19116
2025-03-27 12:33:02.586,1,Joystick #1 axis 0 -> -19004
2025-03-27 12:33:02.626,1,Joystick #1 axis 0 -> -8538
2025-03-27 12:33:03.694,1,Joystick #1 axis 0 -> 55
2025-03-27 12:33:03.735,1,Joystick #1 axis 0 -> 4440
2025-03-27 12:33:03.775,1,Joystick #1 axis 1 -> 6986
2025-03-27 12:33:03.815,1,Joystick #1 axis 1 -> 5102
2025-03-27 12:33:03.855,1,Joystick #1 axis 0 -> 4888
2025-03-27 12:33:04.167,1,Joystick #1 axis 0 -> -8
2025-03-27 12:33:04.207,1,Joystick #1 axis 0 -> -13499
2025-03-27 12:33:04.254,1,Joystick #1 axis 0 -> -17756
2025-03-27 12:33:04.294,1,Joystick #1 axis 0 -> -7322
2025-03-27 12:33:04.475,1,Joystick #1 axis 0 -> 39
2025-03-27 12:33:04.515,1,Joystick #1 axis 0 -> 9417
2025-03-27 12:33:04.555,1,Joystick #1 axis 0 -> 13306
2025-03-27 12:33:04.595,1,Joystick #1 axis 0 -> 12714
2025-03-27 12:33:04.635,1,Joystick #1 axis 0 -> 4264
2025-03-27 12:33:06.035,1,Joystick #1 axis 5 -> -32768
2025-03-27 12:33:07.885,1,Joystick #1 axis 1 -> 5799
2025-03-27 12:33:07.925,1,Joystick #1 axis 0 -> 1079
